语料,分,建议,赞,分类,理由,来源,url,备注
能抱抱我吗 我真的快碎掉了  ⇒  我也快要碎掉了，我好难过，我来抱抱你吧，我好难过啊我真的好难过，我抱抱你，我们一起抱抱,96,留,0,C 疲惫 / 撑不住,,网易云《Sacred Play Secret Place》,https://music.163.com/#/song?id=,安慰语命中
女士们，先生们，列车运行前方就要到达本次列车的终点站了，请您整理好行李物品等候下车，下车时请注意列车与站台的间隙，照顾好老人和小朋友，防止发生意外。在您起身离位时，请将座椅靠背、小桌板、脚踏板，及时复位，谢谢合作！欢迎您再次乘坐中国铁路西安局集团有限公司动车组列车，下次旅行再会。  ⇒  我就是在找你这条评论哈哈哈哈,90,留,1,Z 其他,,网易云《抱抱》,https://music.163.com/#/song?id=,
希望我能从广州就医活着回来  ⇒  加油呢，你在哪个医院呀我在佛山离的蛮近的说不定工作完能看看你,86,留,0,Z 其他,,网易云《活着Viva》,https://music.163.com/#/song?id=,安慰语命中
爱情都是毒鸡汤 没有命 就别玩  ⇒  可是啊 可是在这个快餐时代里 谁又愿意陪你慢慢来呢[多多大哭],86,留,0,F 迷茫 / 年龄焦虑,,网易云《加油》,https://music.163.com/#/song?id=,安慰语命中
重新认识一个人好累 我懒得再跟别人一遍遍说我是谁，我的名字，我的生日在哪天，我爱看的电影，我害怕的事情，曾经热爱但放弃的事物，我去过的城市，独处时我会听的歌，我的小癖好和特别的习惯，我对生活的看法和态度，我对爱和生命的理解… 我懒得说了，也懒得重新认识别人，就连打这段字我都觉得累了  ⇒  抱抱呢，觉得累了就休息一下吧[多多比耶],86,留,0,C 疲惫 / 撑不住,,网易云《在痛苦彻底撕裂之前》,https://music.163.com/#/song?id=,安慰语命中
兄弟曲面文学  ⇒  我超哈哈哈哈哈哈,86,留,0,Z 其他,,网易云《爱欲求》,https://music.163.com/#/song?id=,
“觉得激动便流泪 碰上了花蜜便陶醉 活着是为了像蝴蝶来又去”这句真是每次听都有一种被神秘力量拍了天灵盖般的清醒 啊活着其实很好再吃一颗苹果🍗  ⇒  老师今年新出了alive哈哈哈我觉得真正活着的人都会出类似主题的歌的 我都好喜欢💕,83,留,1,Z 其他,,网易云《活着Viva》,https://music.163.com/#/song?id=,
就算你被世界抛弃了，那还有太阳系呢，还有银河系呢[抱抱你]  ⇒  好呀呢。我知道啦。希望你开心呀,83,留,0,Z 其他,,网易云《magnolia》,https://music.163.com/#/song?id=,
因为看到朋友圈有人发南神，突然间想过来听了。耳机里放着，然后慢悠悠的跟旧友聊着天。和许久未见的朋友聊到彼此的样子是否发生改变，我说我今天刷到一句话，你认识那个人是多少岁那个人在你心里就永远多少岁。然后我们两个人就无尽感慨，耳机里刚好放到那一句 “那时间 时间 时间 把我丢到回忆旁边”  ⇒  我真的要哭了，我真的好想你们呀。,81,留,2,Z 其他,,网易云《我有点焦虑》,https://music.163.com/#/song?id=,
失眠和睡眠有什么区别呢 失眠的拼音是：shi mian 睡眠的拼音是：shui mian 失眠的拼音比睡眠的拼音少了个u u在英语可以表示you 所以少了个you就会失眠[哭哭]  ⇒  陪我久一点吧 我身边没有人可以陪我了。其实我好难过，我把你弄丢了，我好后悔，我不该作，我以后再也不作了，你还能回来吗？我只是想让你陪我打游戏而已，我真的有那么菜吗？,81,留,1,F 迷茫 / 年龄焦虑,,网易云《失眠 (Cover Suki刘舒妤)》,https://music.163.com/#/song?id=,
我真的是受不了了，不想读高三  ⇒  我每天特别焦虑，今天请假刚回家，我爸一直问我到底怎么了，让我说原因，可是真的很烦啊，不想提这些，早知道我不回来了[哭哭],81,留,1,Z 其他,,网易云《焦虑》,https://music.163.com/#/song?id=,
高三 压力大 失眠 家庭 好累 好想哭  ⇒  抱抱 想哭就哭 憋在心里很难受[难过]心疼你呀,81,留,0,C 疲惫 / 撑不住,,网易云《有我呢》,https://music.163.com/#/song?id=,安慰语命中
我跟前女友一起看的夏日重现，我们一起看到了14集，当时想看15集没有熟肉，她会一点日语，对着平板她一句一句翻译给我听，我真的觉得很幸福很幸福。我们在我生日的那天分手了，我也不敢看完夏日重现。  ⇒  是时候放手了兄弟去看看吧结局看完就没什么了[抱抱你],81,留,0,B 失去 / 离别,,网易云《失恋ソング沢山聴いて 泣いてばかりの私はもう。》,https://music.163.com/#/song?id=,安慰语命中
当年在学校最吊的就是有一双，谢霆锋代言的特步红色烽火鞋，特别吊！吊的飞起！  ⇒  特步，非一般的感觉哈哈哈，这个广告词当年火到绝了,81,留,0,Z 其他,,网易云《活着Viva》,https://music.163.com/#/song?id=,
爱弥斯，我只希望，你能轻松快乐的活着  ⇒  哪有什么旅途愉快，即使过去了这么久，我还是无法忘记你离开我的那一刻 我真的真的好想你,80,留,0,B 失去 / 离别,,网易云《别难过》,https://music.163.com/#/song?id=,
有人觉得这首给人一种上个年代的感觉吗？  ⇒  哈哈哈哈哈哈 你不是一个人,80,留,0,D 孤独 / 没人,,网易云《别错过 (Live版)》,https://music.163.com/#/song?id=,安慰语命中
我最喜欢一句“若是被施舍拥抱之后，谁想吐”，很有喜感。  ⇒  哈哈哈哈哈哈哈可惜我没被施舍拥抱看这句动魄惊心的,80,留,0,Z 其他,,网易云《抱抱》,https://music.163.com/#/song?id=,
我女儿学会的第一首歌，每次唱到妈妈个地方就跟着唱妈妈[亲亲]摇头晃脑，手舞足蹈，真的好感动，好意外  ⇒  饿哦哦哦哦呃呃呃呃呃咯来咯吧babenllllvlnloe,80,留,0,Z 其他,,网易云《我有一个好妈妈》,https://music.163.com/#/song?id=,
我觉得初三开始努力还不晚[唉]  ⇒  我当时也是这么觉得的 但是中考530考到了区县 我现在感觉真的看不到希望 现在高二 不知道两年过后该怎么办 很迷茫,80,留,0,F 迷茫 / 年龄焦虑,,网易云《焦虑》,https://music.163.com/#/song?id=,
嘻嘻这首歌的词就像巧克力～ 人吃了没事～  ⇒  哈哈哈哈哈哈哈哈哈,80,留,0,Z 其他,,网易云《焦虑》,https://music.163.com/#/song?id=,
你清醒的看着自己沉沦 爱意这么汹涌我竟无能为力[流感]  ⇒  对待感情我尽力了哈哈哈哈,80,留,0,Z 其他,,网易云《遗憾》,https://music.163.com/#/song?id=,
我也想过，不过或许还有人在等你，你可以试试静下心，有时候安静真的可以让你变得更加清醒，以及看破其他人的虚情假意  ⇒  我真的不知道是什么支撑着我活下去的 我每天都不知道咋活,80,留,0,F 迷茫 / 年龄焦虑,,网易云《在痛苦彻底撕裂之前》,https://music.163.com/#/song?id=,
我给我朋友推荐我说宋淮的告别好好听我一直在听好听到要死了我一直在单曲循环 我朋友搜了半天过来问我确实是淮吗 我一看是准啊[害怕]不好意思啊老师  ⇒  哈哈哈哈 气死我啦,80,留,0,Z 其他,,网易云《告别》,https://music.163.com/#/song?id=,
确实是，现在的歌都是跟机器一样，没啥灵魂 像我这样草稿本写曲，一轨一轨编乐器的，已经不多了  ⇒  古法编曲哈哈哈哈哈嗝,80,留,0,Z 其他,,网易云《告别》,https://music.163.com/#/song?id=,
ai 编曲代替不了艺术家手搓的温暖感[EMO听歌] 怕这首火了，又怕火了以后被融成“1.2 倍速劲爆深情 dj 版”放在短视频 app 上  ⇒  哈哈哈哈 有道理,80,留,0,F 迷茫 / 年龄焦虑,,网易云《告别》,https://music.163.com/#/song?id=,
不要这么觉得，我爱你哦虽然我们素未谋面  ⇒  好呀。我也爱你。希望你开心呀,78,留,0,Z 其他,,网易云《magnolia》,https://music.163.com/#/song?id=,
或许我真的很重感情 一起听了一个月 突然你不想一起听了 刚开始还以为是你要上学原因 其实是你有对象了 一开始看到你换了情头 我还以为是你自己换的 只是单纯觉得好看 直到我看到了你的情侣标 我好伤心 我不敢问 怕说了我最害怕的一句 除了微信我把所有联系都给删了 当时希望你可以发现 可以和我解释  ⇒  我真的好伤心 一开始以为我会过几天就不聊了 没想到是你啊,77,留,1,Z 其他,,网易云《告别》,https://music.163.com/#/song?id=,
今天是2022年10月9号，还剩两个月，自己心里很清楚，自己身体一天不如一天，我也不知道我啥时候会突然离开，当时医院给我说的6个月，眨眨眼就过了4个月，真快呀，医生说了有机会，我也又在好好吃药，如果真的那天突然我不在了，希望你们能记住曾经有个叫薛杰的男孩  ⇒  哦哦哦，太好了，你还在,77,留,0,B 失去 / 离别,,网易云《Love Is Gone (Acoustic)》,https://music.163.com/#/song?id=,
26的老阿姨了 家里催的不行 来个同龄的小哥哥凑一对[大哭]  ⇒  32了结婚了吗哈哈哈,77,留,0,Z 其他,,网易云《失恋》,https://music.163.com/#/song?id=,
我离重高就差一点 一学期从300分到553 我付出了太多太多 今年六月我不想再输了 我就是想让那些看不起我 以为我只能考个职高的人 全都刮目相看  ⇒  我现在已经成功上岸了好吧 我现在已经在重高读了三周了 说实话挺累的,77,留,0,C 疲惫 / 撑不住,,网易云《焦虑》,https://music.163.com/#/song?id=,
北京到底有多少九维[呆]  ⇒  哈哈哈，这是双棒儿+九维,77,留,0,Z 其他,,网易云《焦虑》,https://music.163.com/#/song?id=,
我想妈妈了，可是我不愿意与别人共享我的妈妈的爱，我讨厌他，我已经冷落妈妈几天了，我想妈妈了  ⇒  我有时候也挺讨厌我妈妈的，哈,77,留,0,Z 其他,,网易云《加油》,https://music.163.com/#/song?id=,
你这种连Sasi还没听明白吧[笑哭了]  ⇒  雪 Distance哈哈哈,77,留,0,Z 其他,,网易云《直视痛苦》,https://music.163.com/#/song?id=,
夏尽时亡 听到这首歌想起了伯贤坐在秋千上跟恩海告白的场景  ⇒  伯贤，真是心疼[心碎],76,留,5,Z 其他,,网易云《1분도 못버텨》,https://music.163.com/#/song?id=,
你有为我们的关系掉过一滴泪吗 @奈柰檀 我想当然了 我不记得在你眼前有没有 但在私底下当然一定有 当我们的友谊第一出现裂缝时 当我们第一次吵架时 我心里慌极了 我怕我们有一点小的破碎 最终会碎成渣渣 我想弥补 但我没有什么好的言语 没有花言巧语 我知道第一次是我的错 是我让我们的关系出现裂缝  ⇒  我很害怕我把我们的关系一下就结束了 眼泪说来就来 那我怎么当着你的面呢 后面怎么和好了？我也不知道 因为我想我们的裂缝我永远记得 因为我怕再次碎开 后来也有过吧 我们分开了 不在同一所学校 看着你每天从学校回来对我的诉苦 我感觉好无助啊 为什么我帮不了你呢？为什么我不能帮你分担呢 我也好难,76,留,2,D 孤独 / 没人,,网易云《别难过》,https://music.163.com/#/song?id=,
我也没把自己当回儿事  ⇒  哈哈哈哈哈哈笑死我了奧。,76,留,2,Z 其他,,网易云《活着Viva》,https://music.163.com/#/song?id=,
能抱抱我吗 我真的快碎掉了  ⇒  抱抱 一定会好起来的,76,留,1,C 疲惫 / 撑不住,,网易云《Sacred Play Secret Place》,https://music.163.com/#/song?id=,安慰语命中
听完更难过了  ⇒  没事的兄弟救回来了,76,留,0,Z 其他,,网易云《别难过》,https://music.163.com/#/song?id=,安慰语命中
陌生人，真的快坚持不下去了  ⇒  加油！一切都会好的,76,留,0,Z 其他,,网易云《别错过 (Live版)》,https://music.163.com/#/song?id=,安慰语命中
2026. 7.15 10：41 我确认我高考失利了，永远活在那个阴影里，看着别人拿着奖状，拿着录取通知书，父母无停的夸赞，我当时多么的懊悔，如果那天晚上我没有看手机，没有好好复习，我也是最闪最亮的“星星”吧…  ⇒  别难过像我这样连高中都没上过的废物你已经很厉害了[抱抱你],76,留,0,A 被否定 / 失败,,网易云《Sacred Play Secret Place》,https://music.163.com/#/song?id=,安慰语命中
给我发个消息吧。感觉自己被世界抛弃了  ⇒  抱抱你，希望你越来越好[抱抱你],76,留,0,Z 其他,,网易云《magnolia》,https://music.163.com/#/song?id=,安慰语命中
嗯…陪陪我夸夸我亲亲我怎么不算表白的一种呢  ⇒  你想像一下浪漫气氛烘托起来了突然来一句贝瓦儿歌爱我你就抱抱我爸爸妈妈,76,留,0,Z 其他,,网易云《爱我你就抱抱我》,https://music.163.com/#/song?id=,安慰语命中
这不是一路生花，这是一路生锈[惶恐]  ⇒  之前感觉挺好听的 后面就感觉不好听了 ，现在听了一下就感觉是生锈的,76,留,0,Z 其他,,网易云《一路生花》,https://music.163.com/#/song?id=,
想跟孩子发脾气的时候就听听这首歌  ⇒  谢谢摸摸摸摸摸摸摸 哟哟哟哟模样oyo三项 愤怒kannnnn njjjjjjjnnnnnnnnnnnnn,76,留,0,Z 其他,,网易云《我有一个好妈妈》,https://music.163.com/#/song?id=,安慰语命中
我才14岁 我真的不想17岁18岁辍学 但是我真的学不懂  ⇒  慢慢来大不了混个学历,76,留,0,Z 其他,,网易云《失眠》,https://music.163.com/#/song?id=,安慰语命中
今天是26年7月18日，这首歌是她最喜欢的，我们在一起听歌听了4629分钟，就在昨天晚上她去世了，喝农药走的准确说是被父母老师逼的，她的原生家庭并不好常常遭到父母的打骂十几年来亦是如此，她总是告诉我要好好爱自己可她呢她为什么不好好爱自己呢，我感觉现在天塌了，我都不知道以后的路要怎么走了  ⇒  兄弟加油，努力活下去。如果实在挺不下去了，就想想她的微笑吧。千万不要想不开，就当替她活吧,76,留,0,B 失去 / 离别,,网易云《失眠 (Cover Suki刘舒妤)》,https://music.163.com/#/song?id=,安慰语命中
好想把所有社交平台账号都注销了然后去死啊  ⇒  不要 好好活着 抱抱,76,留,0,Z 其他,,网易云《在痛苦彻底撕裂之前》,https://music.163.com/#/song?id=,安慰语命中
一直是一个人，每个月看朋友圈别人都在发几月有谁 而我一直是一个人 根本不知道爱是什么  ⇒  一个人也好好好生活啦，别否定自己，你特别好、特别温柔、特别值得[亲吻],74,留,1,D 孤独 / 没人,,网易云《一个人》,https://music.163.com/#/song?id=,
有人觉得这首给人一种上个年代的感觉吗？  ⇒  刚开口就感觉有种一口气上不来的感觉很怪，之前听的版本好像没了,74,留,0,B 失去 / 离别,,网易云《别错过 (Live版)》,https://music.163.com/#/song?id=,
我知道大家喜欢之前那个现场版 但是好像录音室版本就是跟现场版出来会有差别 我也不太懂 但是已经尽量贴合了 谢谢大家的喜欢 我会记在心里  ⇒  好听到让耳朵怀孕!单曲循环每天听，就是一种享受!谢谢姐姐这样爱我们，愿姐姐可以天天开心，我们会一直陪着你!,74,留,0,Z 其他,音乐评论，不是陪伴语言,网易云《遗憾》,https://music.163.com/#/song?id=,
你们都觉得开头那段是喘吗？我觉得是心痛到极哭不出来发泄不了的抽气啊  ⇒  我也觉得啊，只要经历过或者听过都知道，跟喘一点不像,73,留,15633,Z 其他,,网易云《magnolia》,https://music.163.com/#/song?id=,
过去之心不可得，现在之心不可得，未来之心不可得  ⇒  天嘞，没想到这个评论都快过去十年了，时至今日，我依然是毕赣粉丝啊[开心],73,留,2,F 迷茫 / 年龄焦虑,,网易云《告别》,https://music.163.com/#/song?id=,
我的宝宝不爱我了  ⇒  我也是啊[流泪],73,留,1,Z 其他,,网易云《失眠 (Cover Suki刘舒妤)》,https://music.163.com/#/song?id=,
不想开学啊 我一个朋友也没有 每天只能写作业或者装睡 我每天都过得好累  ⇒  我陪你呀小宝宝ovo,73,留,1,C 疲惫 / 撑不住,,网易云《一个人》,https://music.163.com/#/song?id=,安慰语命中
我想开一家酒吧 店里深夜开店半夜打烊 没有激荡的音乐 没有水果茶奶茶 只有民谣和酒 喝下的是酒，吐出来的是故事 我想和每个客人分享年少的事 路过店门口的人都会停住脚步 只因为他们听到了酒般的民谣 店名就叫 流浪客. 今年17岁我想在35岁开 开在济南  ⇒  我記住了，別忘了叫我去作客，讓我們互換故事吧，加油,73,留,1,Z 其他,,网易云《加油（0.8）》,https://music.163.com/#/song?id=,安慰语命中
哥哥姐姐们不要死，我长大要当心理医生救你们  ⇒  加油呀宝贝，我等着你来救我[装可爱],73,留,0,Z 其他,,网易云《magnolia》,https://music.163.com/#/song?id=,安慰语命中
我其实还很想你虽然我们素不相识  ⇒  我也很想你呀。希望你开心欧,73,留,0,Z 其他,,网易云《magnolia》,https://music.163.com/#/song?id=,
一个简单的自杀方法 1.洗一个热水澡 2.泡一杯热牛奶，加点蜂蜜 3.把空调开到舒适的温度 4.喝下牛奶，躺到床上 5.等你睁开眼，看见太阳升起就是你已经死了并轮回啦，用新身份新心情去重新活吧 嘘——只是孟婆搞错，不小心让你的下一世和上一世有点像而已哦 就这一生，可以快乐就别难过！  ⇒  哎，我竟然重生了,73,留,0,G 高风险,,网易云《Love Is Gone (Acoustic)》,https://music.163.com/#/song?id=,
我诅咒你们，八十岁了还被爸妈打。  ⇒  我八十岁我爸都124岁，我妈都120岁了，谢谢你陌生人呢,73,留,0,Z 其他,,网易云《MOM》,https://music.163.com/#/song?id=,
这歌网易云竟然有了 初中听的 现在研究生了[笑哭了]  ⇒  哇塞哇塞，现在26年8月多了，我都还在听呢,73,留,0,Z 其他,,网易云《一个人》,https://music.163.com/#/song?id=,
是谁2026年还在听[举手]  ⇒  现在8月多了，我还在听呢,73,留,0,Z 其他,,网易云《一个人》,https://music.163.com/#/song?id=,
马上要高考了🥹感觉自己什么都没学到压力好大[流泪]  ⇒  我也要中考啦！一起加油呀,73,留,0,Z 其他,,网易云《加油》,https://music.163.com/#/song?id=,安慰语命中
粥铺卖粥 吗？粥铺只卖花粥[大笑] 两碗三百 一碗多少钱？ 我现在也不知道多少钱呢  ⇒  亲亲一碗一百五哦 这边建议喝完再来一碗呢,72,留,31143,F 迷茫 / 年龄焦虑,,网易云《归去来兮》,https://music.163.com/#/song?id=,
有我呢这句话真的很有安全感 希望以后有人可以对我说[装可爱]  ⇒  早点睡啊 你有我呢[装可爱],72,留,1,F 迷茫 / 年龄焦虑,,网易云《有我呢》,https://music.163.com/#/song?id=,
去挥霍和珍惜是同一件事情，有没有人突然听懂了的  ⇒  我没懂 但我看评论区懂了 有人花了很多钱去见喜欢的人的比赛 她说挥霍就是因为珍惜这次见面的机会,72,留,1,Z 其他,,网易云《关于我爱你》,https://music.163.com/#/song?id=,
18岁帮助父母还债四万，19岁自己腰伤连带和女友考驾照，给妈妈看病花了将近五万，两年里里外外将近十万，一个月薪水只有四千，我只是个初中毕业生，农村人没有文凭没有本事，万事靠自己，还好有我最爱的女人一直陪伴着我，现在我一个月能拿到六千块，计划买车了，祝福我们吧，我今年20从未放弃过  ⇒  兄弟今年都30岁了吧，应该都有孩子了吧,72,留,1,Z 其他,,网易云《追梦赤子心》,https://music.163.com/#/song?id=,
我在等100个女孩子叫我瑞瑞  ⇒  瑞瑞呀，今天过的怎么样呀[装可爱],72,留,1,Z 其他,,网易云《活着Viva》,https://music.163.com/#/song?id=,
我真的是受不了了，不想读高三  ⇒  都是高三的正常情况。高三生加一呀……唉,72,留,1,Z 其他,,网易云《焦虑》,https://music.163.com/#/song?id=,
恋爱真的看脸吗  ⇒  我之前看脸，后面发现爱上一个人是一种感觉,72,留,1,D 孤独 / 没人,,网易云《爱欲求》,https://music.163.com/#/song?id=,
网易云十级很难，因为要听很多很多的歌，重复听的歌不算，大概需要两万首新歌 ，所以找女朋友就找网易云十级的，因为这说明这个女生的时间都用来听音乐了，没时间乱搞，是个好女生，就比如说我。  ⇒  人真到你面前估计又不乐意了哈哈,72,留,0,Z 其他,,网易云《别难过》,https://music.163.com/#/song?id=,
现在每每听见这首歌，我的心里总是莫名的抽痛，没安全感，孤独怕事，是她让我重拾对爱情的向往，可她就真的很轻而易举的脱离了出去，我俩就此结束后，我纠缠过一段时间，当然没有结果，再次想不明白的  ⇒  是她文案很明确有着对这段感情分开的不舍，我不理解她为什么能将做分开来作为自己发朋友圈的引线，好累，好想永远睡过去,72,留,0,C 疲惫 / 撑不住,,网易云《有我呢》,https://music.163.com/#/song?id=,
挺坏的[哭哭]  ⇒  太累了就放松一会吧！开心一点呀,72,留,0,C 疲惫 / 撑不住,,网易云《magnolia》,https://music.163.com/#/song?id=,
@任山荒 你也知道这叫‘追问’？《治安管理处罚法》第42条写得很清楚，多次发送信息干扰他人正常生活属于违法行为。你这一分钟三条的频率加上查户口内容，截图已存，需要我帮你普法吗？  ⇒  求你把我开户 我的妈呀求你告我 你这几条评论在我完全没有回复的情况下甚至有@ 我指名道姓的行为了我还告你呢,72,留,0,Z 其他,,网易云《海屿你》,https://music.163.com/#/song?id=,
@任山荒 你也知道这叫‘追问’？《治安管理处罚法》第42条写得很清楚，多次发送信息干扰他人正常生活属于违法行为。你这一分钟三条的频率加上查户口内容，截图已存，需要我帮你普法吗？  ⇒  跟他一个IP啊 还有没有别的号 来一个拉黑一个哈,72,留,0,Z 其他,,网易云《海屿你》,https://music.163.com/#/song?id=,
@任山荒 你来搞笑的  ⇒  别来骚扰我哈 不然我也要取证保留证据呢,72,留,0,Z 其他,,网易云《海屿你》,https://music.163.com/#/song?id=,
怎么没有评论  ⇒  我也不知道[EMO听歌],72,留,0,F 迷茫 / 年龄焦虑,,网易云《Love Is Gone (Acoustic)》,https://music.163.com/#/song?id=,
26的老阿姨了 家里催的不行 来个同龄的小哥哥凑一对[大哭]  ⇒  现在应该结婚了吧，孩子都会喊妈妈了吧,72,留,0,Z 其他,,网易云《失恋》,https://music.163.com/#/song?id=,
对歌的喜欢源于当时心境的契合，而不同的人的心境相似而不同，不同人不同时期喜欢一样的歌很正常。既曾拥有，也曾失去。  ⇒  哈哈我的听腻了，换你的歌单听段时间,72,留,0,Z 其他,,网易云《关于我爱你》,https://music.163.com/#/song?id=,
今年一定要上岸  ⇒  好呀 都要上岸呀,72,留,0,Z 其他,,网易云《一程山路》,https://music.163.com/#/song?id=,
这辈子没叫过妈妈，因为我妈妈为了生我去世了，所以我从来不过生日[皱眉]  ⇒  我不知道我妈是谁 但是我叫着一个不会爱人的女人做妈妈,72,留,0,B 失去 / 离别,,网易云《妈妈》,https://music.163.com/#/song?id=,
好像已经被卖了 银手镯她们肯定自己融了自己带 我现在还是小孩我没办法去拿回来。。留给我的都是一些不值钱的东西 不过有留下些什么我就已经知足了 剩下的只能等我长大再看了…  ⇒  我虽然父母关系也很不融洽但还在，我不敢想象自己失去他们的感觉[惊恐],72,留,0,Z 其他,,网易云《MOM》,https://music.163.com/#/song?id=,
刚发三个月，不要急[开心]  ⇒  我现在才听到……但真的好好听,72,留,0,Z 其他,,网易云《妈妈》,https://music.163.com/#/song?id=,
唉 我好想考上 好想去北京  ⇒  我也超级想考上 我真的很想去9看看,72,留,0,Z 其他,,网易云《焦虑》,https://music.163.com/#/song?id=,
你们不觉得2也挺夯的吗，尤其是后半首，焦虑听了几百遍了现在听听2感觉也挺好听的  ⇒  我说真的，2比1夯，2能进生涯top10,72,留,0,Z 其他,,网易云《焦虑Pt.2/膨胀》,https://music.163.com/#/song?id=,
一在抖音火了就有人来挑刺了😂😂😂  ⇒  我记得抖音环境不是挺好的吗,72,留,0,Z 其他,,网易云《焦虑》,https://music.163.com/#/song?id=,
绑了情侣标的不准听sasi[心碎]  ⇒  我不知道您这是怎么了,72,留,0,F 迷茫 / 年龄焦虑,,网易云《天生痛苦》,https://music.163.com/#/song?id=,
孙敏捷永远不死  ⇒  @吵架也不冷战 sasi生日快乐，有没有sasi粉丝请我喝奶茶，我相信宿命论我不想写自传片，我一直觉得走到现在好像全是神在选,72,留,0,Z 其他,,网易云《天生痛苦》,https://music.163.com/#/song?id=,
好呀，你真会吃  ⇒  哈哈 必须的为了小家,72,留,0,Z 其他,,网易云《爱欲求》,https://music.163.com/#/song?id=,
这不是抄袭吗😂  ⇒  这个beat又不是只有一个人可以买，只要买了就可以用呀，谈什么抄袭呢？,72,留,0,D 孤独 / 没人,,网易云《告别》,https://music.163.com/#/song?id=,
歌挺好的，为什么非得又是裤裆又是前女友傍大款  ⇒  其他都有点意思，一听到没把那女孩睡了和女孩家境不好傍了个大款就一秒下头，非得写这些是吧,71,留,119,Z 其他,,网易云《焦虑》,https://music.163.com/#/song?id=,
赵雷也是个瓦学弟  ⇒  这么说有点不合适吧……,71,留,5,Z 其他,,网易云《妈妈》,https://music.163.com/#/song?id=,
收费让我们相聚在这里  ⇒  不是啊，就是单纯喜欢live 版,71,留,1,Z 其他,,网易云《我不难过 (Live)》,https://music.163.com/#/song?id=,
为什么要一直在评论区提两个男同 这首歌原唱不是写给男同的吧  ⇒  就是呀，一帮人看男同魔怔了,71,留,1,Z 其他,,网易云《活着Viva》,https://music.163.com/#/song?id=,
快到了认识你的季节了 可我这次连你的衣角都碰不到了  ⇒  【抱抱】学会往前看哦~[亲],71,留,1,Z 其他,标题式开头,网易云《失眠》,https://music.163.com/#/song?id=,安慰语命中
2026.9.19 我睡在宿舍的床上想了很多 怕自己读书出去没出息 学费贵贵的 怕自己一个月拿死工资怕自己没本事别人嘲笑我的父母 好像自己的运气永远比别人差一点 狠自己初中的不懂事 人这一生总是在后悔 如果有后悔药就好了可是没有后悔药  ⇒  运气这方面我也从来没感觉好过，时光匆匆，日子一天天的过，年龄也到了小时候觉得大人的岁数，再不能总把自己当孩子了，唉,71,留,0,A 被否定 / 失败,,网易云《斑马，斑马》,https://music.163.com/#/song?id=,
这首歌我现在的理解是接受离开 人或者事 但这句话没有说出来这么简单  ⇒  也许这就是最好的结局吧[心碎],71,留,0,B 失去 / 离别,,网易云《关于我爱你》,https://music.163.com/#/song?id=,
你去豆包问问就知道了  ⇒  十几年的老粉我知道是本名 那你知不知道为什么不能发出 林夕两个字呢 ？,71,留,0,F 迷茫 / 年龄焦虑,,网易云《活着Viva》,https://music.163.com/#/song?id=,
你猜林夕本名是什么  ⇒  十几年的老粉我知道是本名 那你知不知道为什么不能发出 林夕两个字呢 ？,71,留,0,F 迷茫 / 年龄焦虑,,网易云《活着Viva》,https://music.163.com/#/song?id=,
申请和这个bl解绑  ⇒  绑定的是女版的吧，原版感觉都是普通听众,71,留,0,Z 其他,,网易云《活着Viva》,https://music.163.com/#/song?id=,
比如已经毕业了的不联系了的同学  ⇒  对啊 毕业过的好朋友也都不会再联系了 不知道为什么,71,留,0,F 迷茫 / 年龄焦虑,,网易云《遗憾》,https://music.163.com/#/song?id=,
恋爱真的看脸吗  ⇒  一半一半吧有时候也是感觉,71,留,0,Z 其他,,网易云《爱欲求》,https://music.163.com/#/song?id=,
确实不是掉不掉价的问题 是一个走心的歌本来很正常突然shout out to一个打瓦的职业选手 就问你难不难绷 如果歌词变成用顶级的天赋比肩亚瑟摩根 或者一个电影里的角色我都觉得没问题  ⇒  电竞选手跟运动员什么的都是差不多的啊，起码我听着跟其他歌里提到科比啥的是一个感觉,71,留,0,Z 其他,,网易云《直视痛苦》,https://music.163.com/#/song?id=,安慰语命中
依旧网易云找beat[强]依旧古法[强]  ⇒  额 油管就是不方便啊[吐舌]到底在傲视所有人什么 太招了,71,留,0,Z 其他,,网易云《直视痛苦》,https://music.163.com/#/song?id=,
不可否认过家家是一部很优秀的作品，可惜他的光辉不应该没过夏日重现这样一部神作[皱眉]  ⇒  真的，要不是这个月有过家家，封神的绝对就是夏日重现，但我也不希望满大街都是一群混圈跟风仔来亵渎这部神作，没被从爆火营销的方式认识它真的是我的幸运。,70,留,2587,Z 其他,,网易云《失恋ソング沢山聴いて 泣いてばかりの私はもう。》,https://music.163.com/#/song?id=,
南子的歌，平时是听不出感觉的，只有你真的累了的时候来听南子你才能真的能感同身受，如果你觉得南子的歌不够味，那是因为你还没有真正的焦虑  ⇒  我其实这首歌刚出那会听了没有太多感觉，甚至觉得有点同质化，现在凌晨四点，我真的焦虑了，点开了这首歌，听到了另一种声音,70,留,473,C 疲惫 / 撑不住,音乐评论，不是陪伴语言,网易云《我有点焦虑》,https://music.163.com/#/song?id=,
歌挺好的，为什么非得又是裤裆又是前女友傍大款  ⇒  因为这就是生物本能，这就是人家真是所想所需，都是普通人,70,留,1,Z 其他,,网易云《焦虑》,https://music.163.com/#/song?id=,
说明可能不是用的原版母带转制，而是用的打口碟😁  ⇒  说明啦几网易云用的盗版音频 前几年好几首都有这种“卡碟”的情况 原因其实就是音源是在一些论坛上找的山寨音频,70,留,0,Z 其他,,网易云《想哭》,https://music.163.com/#/song?id=,
那天在车上颠簸的时候无意中听到，仔细想想这首歌的专辑距离现在多少年了已经。你现在终于是一姐了，各种意义上的一姐，你做到了，真的做到了，你赢了，赢得很彻底，但我再也找不到当初的那个你了。现在的你唱歌还能令你快乐吗？楼下一头一尾两间音像店都在轮流播你的争气和心淡的日子是再也回不来了。  ⇒  应该挺快乐的，她真的很爱工作,70,留,0,F 迷茫 / 年龄焦虑,,网易云《抱抱》,https://music.163.com/#/song?id=,
没必要，真没必要，这两部都不错  ⇒  过家家感觉不怎么好看没兴趣看但是就是火了不能理解可能这种对于女生说更合适,70,留,0,Z 其他,,网易云《失恋ソング沢山聴いて 泣いてばかりの私はもう。》,https://music.163.com/#/song?id=,
这不是VOB的三十岁的新朋友吗 词好像  ⇒  你说其他的像我感觉还有点差不多词哪里像了？,70,留,0,Z 其他,,网易云《焦虑》,https://music.163.com/#/song?id=,
班主任发微信给家长说:“考试考的不好，开学再找他聊聊”，我害怕了[多多大哭]  ⇒  明天开学，我咋办啊！,69,留,1,F 迷茫 / 年龄焦虑,,网易云《想哭》,https://music.163.com/#/song?id=,
加油…3个小时内接警6起，要忙晕了，正能量起来…为人民服务  ⇒  我们马上接棒 减轻你们的负担 再等毕业生半年,68,留,3521,Z 其他,,网易云《加油！》,https://music.163.com/#/song?id=,
这首歌就是当年的孤勇者  ⇒  那是，我还是小学鸡时就会唱了,68,留,1059,Z 其他,,网易云《活着Viva》,https://music.163.com/#/song?id=,
姐姐我要看曾少年训练记录！  ⇒  我昨晚做梦还梦到公演曾少年没有唱好观众都走了[哭哭],68,留,132,B 失去 / 离别,,网易云《遗憾》,https://music.163.com/#/song?id=,
这个老艺术家已经126岁了  ⇒  我的个人资料是乱填的[大笑],68,留,58,Z 其他,,网易云《告别》,https://music.163.com/#/song?id=,
这个为啥没有那一句“杨～宗～纬～”啊  ⇒  哇，我也在找这个,68,留,5,Z 其他,,网易云《别错过 (Live版)》,https://music.163.com/#/song?id=,
为什么那么多人说烂尾啊。。。[惶恐]主角团在一次次轮回中竭尽全力地守护，难道不值得一个好结局吗？  ⇒  我个人觉得主要是音监的大悲咒太有实力了…虽说也有一种日本文化特有的味道,68,留,3,Z 其他,,网易云《失恋ソング沢山聴いて 泣いてばかりの私はもう。》,https://music.163.com/#/song?id=,
地震时你想和谁拥抱  ⇒  我只想逃命[流泪],68,留,3,Z 其他,,网易云《加油》,https://music.163.com/#/song?id=,
-什么死法不会疼啊… -当你问这个问题时，你已经好了一半啦  ⇒  我现在开始吃到好吃的东西会开心啦 但是躯体化也明显了,68,留,2,Z 其他,,网易云《心灵治愈 (钢琴)》,https://music.163.com/#/song?id=,
留言和想哭是这张专辑我最喜欢的两首歌。  ⇒  我最喜欢除了这些，还有...,68,留,2,Z 其他,,网易云《想哭》,https://music.163.com/#/song?id=,
"如果有痛苦的话 我们一起分担就好了 可是我们不在呀 只能靠着小小的一块屏幕和你在联系 听到你的不舒服 看到你的悲伤 看到你的痛苦 我甚至比自己感到痛苦 还要痛苦 你第一次说有想跳楼的意思时 哇 我好绝望啊 真怕你想不开 真怕你就这么去了 但现在就挺好的 我们都挺好的 永远爱你(""3"")我最好的xy  ⇒  ꒦ິ^꒦ິ没事我不会再那样了，因为你在，我希望我们那个永远在一起，我不想让你难过😔我希望你能够开心我们一定要一起走过去，我们要一起去很多很多地方",68,留,2,Z 其他,,网易云《别难过》,https://music.163.com/#/song?id=,
我是一个高二学生，中考失利考到了县里次一点的高中，我很不甘心，觉得这一切都不应该，觉得我在这所学校里应该是佼佼者，可现实是高中的学习强度被我低估了，在高一也偶尔考过年级前一百，可是现在分班以后感觉没有以前的心气了，就想着得过且过，有上进的心却没有行动，我要变得更好  ⇒  我想我会考上一个很好的大学，让家人过上很好的日子，让自卑十六年的自己在未来的日子里更自信,68,留,2,F 迷茫 / 年龄焦虑,,网易云《追梦赤子心》,https://music.163.com/#/song?id=,
拜拜尨拉 希望真的是last time和你告别 我值得拥有更加健康更加正反馈的关系  ⇒  我们原来的归原来 往后的归往后,68,留,2,Z 其他,,网易云《告别》,https://music.163.com/#/song?id=,
留言和想哭是这张专辑我最喜欢的两首歌。  ⇒  我也是，经典冷门,68,留,1,Z 其他,,网易云《想哭》,https://music.163.com/#/song?id=,
我承认14岁那年年少轻狂认识了一些不该认识的人  ⇒  我13，也认识了不该认识的人，旅游时认识的，从相遇到别离只有短短的83个小时23分钟,68,留,1,Z 其他,,网易云《难过》,https://music.163.com/#/song?id=,
可是我听了原唱VIP版 我还是喜欢live版  ⇒  我是VIP 我还是喜欢live,68,留,1,Z 其他,,网易云《我不难过 (Live)》,https://music.163.com/#/song?id=,
祝福你的生命，拥有美好的时光和厚实的善良— 安溥  ⇒  我无法与你对话 我只能默默祈祷你平安顺遂,68,留,1,Z 其他,,网易云《关于我爱你》,https://music.163.com/#/song?id=,
考研还剩两个月， 每晚听一遍这首歌 ，奋力一搏，希望这一次能如愿以偿。  ⇒  谢谢各位点赞，我考上了，也祝各位如愿以偿❤️,68,留,1,Z 其他,,网易云《追梦赤子心》,https://music.163.com/#/song?id=,
不敢想象我居然生活在一个没有黎叔叔的世界  ⇒  我的天黎叔叔….,68,留,1,Z 其他,,网易云《活着Viva》,https://music.163.com/#/song?id=,
今天是我来到国外的57天，在57天前在国内有着一个真心朋友，我们一起打篮球、吃饭、打游戏，但现在人处异国。却不知道下次见到又是什么时候了……  ⇒  一别两地同风雨，我望明月月望你,68,留,1,F 迷茫 / 年龄焦虑,,网易云《失眠 (Cover Suki刘舒妤)》,https://music.163.com/#/song?id=,
你没有心.  ⇒  我有心脏你气不气🤣,68,留,1,Z 其他,,网易云《失眠（抖音最火版）》,https://music.163.com/#/song?id=,
一个人为了男友来到新疆 今天发烧 38°多 咳嗽的血丝都有 给他发讯息 他没能回我 也没来接我 蹲在门诊门口 哭了半小时 很俗的一句话：原来，我做了这么多，感动的只是我自己罢了 明天回台州 我要很幸福！！  ⇒  我爱的人也在台州。 祝你幸福,68,留,0,D 孤独 / 没人,,网易云《斑马，斑马》,https://music.163.com/#/song?id=,
一个人为了男友来到新疆 今天发烧 38°多 咳嗽的血丝都有 给他发讯息 他没能回我 也没来接我 蹲在门诊门口 哭了半小时 很俗的一句话：原来，我做了这么多，感动的只是我自己罢了 明天回台州 我要很幸福！！  ⇒  我保证你是天使 要幸福,68,留,0,D 孤独 / 没人,,网易云《斑马，斑马》,https://music.163.com/#/song?id=,
13岁就出来了，真的很心疼，我也才16，现在在后厨配菜，我也能体谅到你们服务员的累，一会干着干那的，好好生活，夏天热，每到伏天的时候都很忙，现在也过去了，照顾好自己[感动]  ⇒  真的很热 后厨的人也总是说我 还有一个男的服务员骚扰我。我不同意和他处对象他还偷偷掐我 但是我之前干了一些事脑袋不好 后来才反应过来。,68,留,0,C 疲惫 / 撑不住,,网易云《斑马，斑马》,https://music.163.com/#/song?id=,
这是哪门子的百年孤独  ⇒  我还说百年孤独咋会有这种情节[笑哭了],68,留,0,D 孤独 / 没人,,网易云《孤独》,https://music.163.com/#/song?id=,
咋感觉哪里都有引战的  ⇒  其实到2026年以后，我就觉得这种只是真实发言。每个人有每个人不一样的看法，开始理解了每个人。,68,留,0,F 迷茫 / 年龄焦虑,,网易云《孤独》,https://music.163.com/#/song?id=,
金星也没有卫星  ⇒  我一定会越来越好的,68,留,0,Z 其他,,网易云《想哭》,https://music.163.com/#/song?id=,
26年听《富士山下》的幸福一整年好不好  ⇒  我要幸福一辈子[超绝],68,留,0,Z 其他,,网易云《富士山下》,https://music.163.com/#/song?id=,
卡梦退役后ivl没人会唱富士山下了。  ⇒  。游沭钊。我好想你。,68,留,0,D 孤独 / 没人,,网易云《富士山下》,https://music.163.com/#/song?id=,
本蟹黄堡已经快被圈粉了  ⇒  我已经被圈粉了[期待],68,留,0,Z 其他,,网易云《别错过 (Live版)》,https://music.163.com/#/song?id=,
我没有爸爸妈妈 从小就住在亲戚家 爷爷奶奶也不喜欢我 朋友也随时间跟我分别 我也从来没有听到过有人跟我说这三个字  ⇒  我喜欢你[亲吻],68,留,0,Z 其他,,网易云《有我呢》,https://music.163.com/#/song?id=,
想听听初中生小学生对未来的看法  ⇒  活着就好，我现在没有太多梦想，没有太多奢望，只是想好好的活下去,68,留,0,F 迷茫 / 年龄焦虑,,网易云《Sacred Play Secret Place》,https://music.163.com/#/song?id=,安慰语命中
2031考上中国人民公安大学侦查学给在场所有人点奶茶！绝不食言！  ⇒  记得我就好，考上了给我报个喜，我不用奶茶，你能考上我就很高兴,68,留,0,Z 其他,,网易云《magnolia》,https://music.163.com/#/song?id=,
我是你湖北的朋友[微笑]  ⇒  我是你云南的朋友,68,留,0,Z 其他,,网易云《magnolia》,https://music.163.com/#/song?id=,
真没想到，千禧年这歌也是经常听到的，不过如果不是每日歌单我也想不起这首歌  ⇒  我觉得起码是2k评论的水平 ，没想到只有不到500,68,留,0,Z 其他,,网易云《抱抱》,https://music.163.com/#/song?id=,
谁懂啊间奏真的太好听了！  ⇒  确实，我是从她和古巨基的串烧过来的,68,留,0,Z 其他,,网易云《抱抱》,https://music.163.com/#/song?id=,
这个账号如果五个月内没有注销，那就说明我战胜了胃癌晚期  ⇒  我相信你可以的，加油,68,留,0,Z 其他,,网易云《我不难过》,https://music.163.com/#/song?id=,安慰语命中
收费让我们相聚在这里  ⇒  我喜欢听Live,68,留,0,Z 其他,,网易云《我不难过 (Live)》,https://music.163.com/#/song?id=,
天底下没有什么所谓的无心之语，只有不小心说出的有心之言  ⇒  我说的都是真心话,68,留,0,Z 其他,,网易云《我不难过 (Live)》,https://music.163.com/#/song?id=,
我听了很久，一直感觉是写给爱人的，最后在一声声我爱你中慢慢告别。但后面我看着歌词，突然有一种想法：这些歌词像不像和你自己对话？把你最近生活中的挫折以及产生结果，都写出来，而且在阐述完后以“我爱你”结尾，来表达：即使我经历了那些不好事情，但我依旧爱着我自己。  ⇒  就是写给自己的，自己给自己说着：你爱自己，我也爱你。,68,留,0,Z 其他,,网易云《关于我爱你》,https://music.163.com/#/song?id=,
今年夏天终于看了夏日重现，这个片尾一直都没跳过，好好听🥺🥺有一集日鹤老师死的时候刚好结尾，无缝衔接这首歌，眼泪刷一下就出来了[哭哭]  ⇒  我看最后一集也是的,68,留,0,Z 其他,,网易云《失恋ソング沢山聴いて 泣いてばかりの私はもう。》,https://music.163.com/#/song?id=,
原来夏日重现已经是去年的番剧了吗，时间过得好快[流泪]  ⇒  四年前了，好怀念，我朋友现在突然开始看了我也就看了,68,留,0,Z 其他,,网易云《失恋ソング沢山聴いて 泣いてばかりの私はもう。》,https://music.163.com/#/song?id=,
2027考研一志愿一站上岸  ⇒  加油，我明年读研毕业了,68,留,0,Z 其他,,网易云《一路生花》,https://music.163.com/#/song?id=,安慰语命中
刘翔是唯一一个在直线跑道上真正打败黑人的运动员，甚至创造了连白人都没做到的记录。刘翔参加了48次世界大赛，36次冠军，6次亚军，3次季军，然而有些人却只记得他退赛2次  ⇒  我是一个高二学生，中考失利考到了县里次一点的高中，我很不甘心，觉得这一切都不应该，觉得我在这所学校里应该是佼佼者，可现实是高中的学习强度被我低估了，在高一也偶尔考过年级前一百，可是现在分班以后感觉没有以前的心气了，就想着得过且过，有上进的心却没有行动，我不想这样了,68,留,0,F 迷茫 / 年龄焦虑,,网易云《追梦赤子心》,https://music.163.com/#/song?id=,
小时候我妈教我用筷子，学不会打我，现在我教我妈用手机，学不会，还是打我  ⇒  我没有妈妈打我了,68,留,0,Z 其他,,网易云《妈妈》,https://music.163.com/#/song?id=,
每天哄娃娃睡觉的歌  ⇒  我小毛驴cvvg4yk,68,留,0,Z 其他,,网易云《我有一个好妈妈》,https://music.163.com/#/song?id=,
男的也这么想  ⇒  男的也这样想。我就放心了,68,留,0,Z 其他,,网易云《活着》,https://music.163.com/#/song?id=,
不收藏啦 你们赞一次听一次[装可爱]  ⇒  我来听啦！嘿嘿嘿,68,留,0,Z 其他,,网易云《活着Viva》,https://music.163.com/#/song?id=,
  ⇒  我不生。9XT7OS111,68,留,0,Z 其他,,网易云《活着Viva》,https://music.163.com/#/song?id=,
绑定的是女版的吧，原版感觉都是普通听众  ⇒  我知道 但是还是有人会用这个原版,68,留,0,Z 其他,,网易云《活着Viva》,https://music.163.com/#/song?id=,
可是宝贝 每当下雨我都会想起你弯弯的嘴角.  ⇒  我选择了沉默 或许这本就不属于我,68,留,0,Z 其他,,网易云《失眠》,https://music.163.com/#/song?id=,
你的心，南极冰，我的泪，北极星  ⇒  我的泪，流满面。。。(-ᗩ-),68,留,0,Z 其他,,网易云《失眠 (Cover Suki刘舒妤)》,https://music.163.com/#/song?id=,
应该是一个人，不是指所有人。  ⇒  不，我的意思是为什么要讨厌我们的广东人？,68,留,0,D 孤独 / 没人,,网易云《失眠 (Cover Suki刘舒妤)》,https://music.163.com/#/song?id=,
我觉得初三开始努力还不晚[唉]  ⇒  我初二一整年没学还来的及吗？,68,留,0,Z 其他,,网易云《焦虑》,https://music.163.com/#/song?id=,
甘水音乐够才听  ⇒  我们共同红心多少首,68,留,0,Z 其他,,网易云《焦虑Pt.2/膨胀》,https://music.163.com/#/song?id=,
歌挺好的，为什么非得又是裤裆又是前女友傍大款  ⇒  我也是听到那段点开评论区的....用什么写的词....,68,留,0,Z 其他,,网易云《焦虑》,https://music.163.com/#/song?id=,
分开后你能过的好那分开就有意义  ⇒  分开后，你再也不会遇到像我对你这么好的人了，我不希望你过得好，我希望你可以回头看看我,68,留,0,F 迷茫 / 年龄焦虑,,网易云《一个人》,https://music.163.com/#/song?id=,
今天2026年9月13日 我也是02的 听到每日推荐里有这首歌 真的惊呆了 回忆直接袭来  ⇒  哈哈感觉那会儿大家初中，刚好这首歌也算是小火了一下。当时真的挺喜欢的。,68,留,0,Z 其他,音乐评论，不是陪伴语言,网易云《一个人》,https://music.163.com/#/song?id=,
我要推荐给10后了！  ⇒  我是11年的，我爱听,68,留,0,Z 其他,,网易云《一个人》,https://music.163.com/#/song?id=,
听说喜欢颜人中的都喜欢郑润泽？？  ⇒  我去又有知己！郑润泽颜人中罗森涛我最喜欢,68,留,0,Z 其他,,网易云《一个人》,https://music.163.com/#/song?id=,
一个人要学会和寂寞做朋友 这是必修课  ⇒  寂寞有太多朋友了，我只有孤独,68,留,0,D 孤独 / 没人,,网易云《一个人》,https://music.163.com/#/song?id=,
“把我当成你的前任，说句话吧”  ⇒  抱歉，没有好好和你说再见就删了你，拉黑了所有，我恨你，祝你一切平安,68,留,0,Z 其他,,网易云《遗憾》,https://music.163.com/#/song?id=,
私以为，没有翻唱能超越这个版本。  ⇒  我喜欢陈洁仪的版本,68,留,0,Z 其他,,网易云《遗憾》,https://music.163.com/#/song?id=,
再给你推荐两首 如果你要走 请告诉我还有暮雨都是冯泳唱的  ⇒  我知道这两首歌 都很好听[装可爱],68,留,0,Z 其他,,网易云《遗憾的告别》,https://music.163.com/#/song?id=,
确实是在浴室唱的哈哈哈有回音  ⇒  我也喜欢在浴室唱 超级好听,68,留,0,Z 其他,,网易云《加油！》,https://music.163.com/#/song?id=,
我才发现我是天生爱扣  ⇒  我没胖，我真比以前瘦了，你们再说我胖我真的受不了嘞！,68,留,0,Z 其他,,网易云《天生痛苦》,https://music.163.com/#/song?id=,
父母越来越慈祥 感觉前半生的痛苦都像是假的  ⇒  天哪这应该就是看透人性的本质最后选择接受变得冷淡。我们多爱自己，不要奢求任何人任何事物。,68,留,0,Z 其他,,网易云《在痛苦彻底撕裂之前》,https://music.163.com/#/song?id=,
凭什么我爸爸妈妈离婚 凭什么我爷爷奶奶要嫌弃我 凭什么我被霸凌两年 我好孤独  ⇒  我们经历一样 不过 我从地狱里爬了出来 给予那些恶鬼审判,68,留,0,B 失去 / 离别,,网易云《在痛苦彻底撕裂之前》,https://music.163.com/#/song?id=,
这歌听一遍和听十遍，居然有不一样的感觉！越听越好听了  ⇒  我都上瘾了[期待],68,留,0,Z 其他,,网易云《直视痛苦》,https://music.163.com/#/song?id=,
想收到不同IP的文文天天开心  ⇒  我朋友也叫文文 祝你也祝他天天开心,68,留,0,Z 其他,,网易云《告别》,https://music.163.com/#/song?id=,
好女儿啊，你怎么还在追着我鲨啊，我只是开了个心动模式而已  ⇒  你就说心动了没吧,67,?,65,Z 其他,,网易云《别难过》,https://music.163.com/#/song?id=,
夏尽时亡 听到这首歌想起了伯贤坐在秋千上跟恩海告白的场景  ⇒  每次重玩时，这一段真是超虐心啊，每次夏时总能戳中泪点。（小姐姐唱得也超级棒，真是声泪俱下）,67,?,27,Z 其他,,网易云《1분도 못버텨》,https://music.163.com/#/song?id=,
和喜欢的人表白了，他没有说话，但是耳朵红了一节课是什么意思  ⇒  表白就表白 揪别人耳朵干嘛,67,?,4,Z 其他,,网易云《加油（0.8）》,https://music.163.com/#/song?id=,
都说骗人是小狗，可小狗才不会骗人.  ⇒  万一他想表达小狗只会爱你呢？,67,?,3,Z 其他,,网易云《难过》,https://music.163.com/#/song?id=,
《想哭》《忘了哭》《我哭了》 所以學友你到底哭沒哭？  ⇒  第三首不是答案嘛？[狗],67,?,2,Z 其他,,网易云《想哭》,https://music.163.com/#/song?id=,
留言和想哭是这张专辑我最喜欢的两首歌。  ⇒  这两首一直是宝藏歌曲啊,67,?,2,Z 其他,,网易云《想哭》,https://music.163.com/#/song?id=,
我听了很久，一直感觉是写给爱人的，最后在一声声我爱你中慢慢告别。但后面我看着歌词，突然有一种想法：这些歌词像不像和你自己对话？把你最近生活中的挫折以及产生结果，都写出来，而且在阐述完后以“我爱你”结尾，来表达：即使我经历了那些不好事情，但我依旧爱着我自己。  ⇒  今天突然感悟到了 就刷到你的评论 好巧啊,67,?,2,Z 其他,,网易云《关于我爱你》,https://music.163.com/#/song?id=,
叫我一声月月，你会收到不同的私信  ⇒  月月，你今天过的怎么样呀[装可爱],67,?,2,Z 其他,,网易云《活着Viva》,https://music.163.com/#/song?id=,
我不谈恋爱的原因 因为我是神 神习惯了孤单 神不会凡选 神不被定义 神不碰恋情 神不入情局 神不贪温柔 神只做自 神不盼陪伴 神职守本心 神不缺温柔 神不求偏爱 神不被左右 神不缺理解 神不盼聊天 神不信承诺 神不做依赖 神不随凡流 神不恋烟火 神不被约束 神中自由 神只爱自由 神不做妥协 神只守本心  ⇒  这是因为你都习惯了吧,67,?,2,D 孤独 / 没人,,网易云《失眠 (Cover Suki刘舒妤)》,https://music.163.com/#/song?id=,
我现在开始吃到好吃的东西会开心啦 但是躯体化也明显了  ⇒  早日康复哦[星星],67,?,1,Z 其他,,网易云《心灵治愈 (钢琴)》,https://music.163.com/#/song?id=,
我有一个很小众的故事，我在 2028年来讲，到时候一定要过来听  ⇒  还有不到半年哦。你准备好了吗,67,?,1,Z 其他,,网易云《Love Is Gone (Acoustic)》,https://music.163.com/#/song?id=,
26的老阿姨了 家里催的不行 来个同龄的小哥哥凑一对[大哭]  ⇒  31的老阿姨找到对象没呀[手动狗头],67,?,1,Z 其他,,网易云《失恋》,https://music.163.com/#/song?id=,
2026了还有人看夏日重现吗[哭哭]  ⇒  有啊 兄弟 有的[哭哭],67,?,1,Z 其他,,网易云《失恋ソング沢山聴いて 泣いてばかりの私はもう。》,https://music.163.com/#/song?id=,
[发布了语音，请前往最新移动端版本查看]  ⇒  好听诶 到底怎么发语音的呀,67,?,1,Z 其他,,网易云《MOM》,https://music.163.com/#/song?id=,
不气 祝你身体健康  ⇒  开个玩笑啦，你也一样哦☺,67,?,1,Z 其他,,网易云《失眠（抖音最火版）》,https://music.163.com/#/song?id=,
看自己以前的朋友圈分享了这首歌 看名字就觉得很耳熟但是想不起来，点进来发现那个版本没了就来听这个版本了 一听感觉一下子回到了三年前哈哈哈哈，想起来了都想起来了！  ⇒  哦不错了，是24年分享的 所以是2年前,67,?,1,B 失去 / 离别,,网易云《遗憾的告别》,https://music.163.com/#/song?id=,
光听歌没发现是歪果仁的右边集合👉🏻  ⇒  对啊发音好准完全没听出来是外国人[惊恐],67,?,1,Z 其他,,网易云《加油》,https://music.163.com/#/song?id=,
你咋这么棒！  ⇒  你也要开开心心的生活[红心]谢谢你呀,67,?,1,Z 其他,,网易云《加油（0.8）》,https://music.163.com/#/song?id=,
这才是正常人 不是听一遍就过来分享自己的小众评价了  ⇒  唉 没办法很多人第一遍可能都听不完,67,?,1,Z 其他,,网易云《直视痛苦》,https://music.163.com/#/song?id=,
又被你撞见了啊，哈哈又少一天了 地球Online服务器正常运营，游戏仍在照常进行， 我已通关全部主线剧情，剩余三十天静待离场。不可存档，无法重启，倒计时结束即永久退服， 愿诸位玩家，尽兴此生，一路无憾。  ⇒  希望你在另一个服务器永远快乐啊…,67,?,1,Z 其他,,网易云《告别》,https://music.163.com/#/song?id=,
我好累真的好累  ⇒  累了就休息会吧 天天开心,67,?,0,C 疲惫 / 撑不住,,网易云《斑马，斑马》,https://music.163.com/#/song?id=,
搞什么啊，我也才12啊，怎么就得癌啊，是不是搞错了啊，我还有那么多事没做呢，我还要考南大，我还要去看厦门，我还想他呢  ⇒  账号注销了，不是啊，为什么那么多都能过来,67,?,0,Z 其他,,网易云《斑马，斑马》,https://music.163.com/#/song?id=,
想哭真的适合代替黑洞在fnds的主歌单的位置！甚至黑洞还算是想哭的续集[流泪]  ⇒  是呢！我也一直觉得黑洞是想哭的续集[加一],67,?,0,Z 其他,,网易云《想哭》,https://music.163.com/#/song?id=,
[VIP]  ⇒  这个 VIP Only怎么搞的啊[装可爱],67,?,0,Z 其他,,网易云《别错过 (Live版)》,https://music.163.com/#/song?id=,
杨宗纬的声音是真好听，但是这个歌啊。。。。哎，浪费了  ⇒  这个调一出来我都晕了。。。能不能换首歌啊,67,?,0,Z 其他,,网易云《别错过 (Live版)》,https://music.163.com/#/song?id=,
想要全国各地IP的杰杰  ⇒  杰杰 早点睡呀兄弟[亲吻],67,?,0,Z 其他,,网易云《有我呢》,https://music.163.com/#/song?id=,
肖申克的救赎里有这样一句话：总有一天你会笑着说出曾经令你痛苦的事情.  ⇒  但那件事你会记一辈子的啊,67,?,0,Z 其他,,网易云《Sacred Play Secret Place》,https://music.163.com/#/song?id=,
想听听初中生小学生对未来的看法  ⇒  能活多久算多久吧,67,?,0,F 迷茫 / 年龄焦虑,,网易云《Sacred Play Secret Place》,https://music.163.com/#/song?id=,
奶奶 走好[哭哭]  ⇒  奶奶准备冬眠去啦！她一直爱着你哦,67,?,0,Z 其他,,网易云《Sacred Play Secret Place》,https://music.163.com/#/song?id=,
好想妈妈[流泪]为什么我觉得这歌很伤感  ⇒  因为你是一个善良的人啊，世界不会亏待你的哟！向前看！世界或许没有那么温柔但是是耀眼的！是充满光明的,67,?,0,Z 其他,,网易云《Sacred Play Secret Place》,https://music.163.com/#/song?id=,
太累了就放松一会吧！开心一点呀  ⇒  好的。你也要开心呀,67,?,0,C 疲惫 / 撑不住,,网易云《magnolia》,https://music.163.com/#/song?id=,
喂，怎么能忘了我这个素未谋面的朋友[偷窥]  ⇒  想你了希望你开心哦,67,?,0,Z 其他,,网易云《magnolia》,https://music.163.com/#/song?id=,
唱的挺好[笑了]  ⇒  谢谢呀[装可爱],67,?,0,Z 其他,,网易云《海屿你》,https://music.163.com/#/song?id=,
暗恋好久啦，破千就去表白  ⇒  2000了，可以了吧？,67,?,0,Z 其他,,网易云《海屿你》,https://music.163.com/#/song?id=,
学校校长说:“看到老人跌倒要扶，要是讹你，我替你出30万，政治老师陪你去法庭，语文老师做辩护，数学老师算胜率。你要是被关进去，心理老师帮你控制心理，地理和物理老师勘测地形，美术老师画画像，信息老师删资料，化学老师配炸药，体育老师救你出来，历史老师帮你载入史册，音乐老师为你唱歌庆祝。  ⇒  看到老人为什么要扶呢？,67,?,0,Z 其他,,网易云《海屿你》,https://music.163.com/#/song?id=,
谁说一句活下去，我就活几天  ⇒  等我先死哈[认可],67,?,0,Z 其他,,网易云《爱我你就抱抱我》,https://music.163.com/#/song?id=,
今天是2022年10月9号，还剩两个月，自己心里很清楚，自己身体一天不如一天，我也不知道我啥时候会突然离开，当时医院给我说的6个月，眨眨眼就过了4个月，真快呀，医生说了有机会，我也又在好好吃药，如果真的那天突然我不在了，希望你们能记住曾经有个叫薛杰的男孩  ⇒  兄弟 现在是2026年9月18号 你还在的 对吧,67,?,0,B 失去 / 离别,,网易云《Love Is Gone (Acoustic)》,https://music.163.com/#/song?id=,
今天是2022年10月9号，还剩两个月，自己心里很清楚，自己身体一天不如一天，我也不知道我啥时候会突然离开，当时医院给我说的6个月，眨眨眼就过了4个月，真快呀，医生说了有机会，我也又在好好吃药，如果真的那天突然我不在了，希望你们能记住曾经有个叫薛杰的男孩  ⇒  你现在怎么样了呀,67,?,0,B 失去 / 离别,,网易云《Love Is Gone (Acoustic)》,https://music.163.com/#/song?id=,
这个账号如果五个月内没有注销，那就说明我战胜了胃癌晚期  ⇒  加油哦陌生人[庆祝],67,?,0,Z 其他,,网易云《我不难过》,https://music.163.com/#/song?id=,安慰语命中
不，是贫穷  ⇒  现在呢[装可爱],67,?,0,Z 其他,,网易云《我不难过 (Live)》,https://music.163.com/#/song?id=,
26的老阿姨了 家里催的不行 来个同龄的小哥哥凑一对[大哭]  ⇒  这个时候你已经三十几岁了吧！比我大很多，现在我才二十一岁。[呲牙],67,?,0,Z 其他,,网易云《失恋》,https://music.163.com/#/song?id=,安慰语命中
26的老阿姨了 家里催的不行 来个同龄的小哥哥凑一对[大哭]  ⇒  33了吧现在找到男朋友了吗,67,?,0,Z 其他,,网易云《失恋》,https://music.163.com/#/song?id=,
26的老阿姨了 家里催的不行 来个同龄的小哥哥凑一对[大哭]  ⇒  32了啊？结婚了吗？,67,?,0,Z 其他,,网易云《失恋》,https://music.163.com/#/song?id=,
又失眠了，25岁了，开始很害怕了。  ⇒  哈喽！现在26年了 你己经34岁了,67,?,0,H 身体 / 睡眠,,网易云《关于我爱你》,https://music.163.com/#/song?id=,
你就不要想起我  ⇒  你要记得我哦[多多可怜],67,?,0,Z 其他,,网易云《关于我爱你》,https://music.163.com/#/song?id=,
世界也不过如此，在你软弱时对你拳打脚踢  ⇒  但这个世界也值得你热爱和留恋啊[可爱],67,?,0,Z 其他,,网易云《关于我爱你》,https://music.163.com/#/song?id=,
又失眠了，25岁了，开始很害怕了。  ⇒  现在32岁了吧，想起来以前是不是觉得都是小事啦,67,?,0,H 身体 / 睡眠,,网易云《关于我爱你》,https://music.163.com/#/song?id=,
不一定标准的哇[哭哭] [发布了语音，请前往最新移动端版本查看]  ⇒  咦，为什么你可以发语音，难道我的网易音乐没有更新,67,?,0,Z 其他,,网易云《失恋ソング沢山聴いて 泣いてばかりの私はもう。》,https://music.163.com/#/song?id=,
我的原唱！你去哪里了！[悲伤]  ⇒  现在购买了原唱版权吧,67,?,0,Z 其他,,网易云《一路生花》,https://music.163.com/#/song?id=,
距离2015年高考还有202天，正在刷数学题，爆发吧小宇宙  ⇒  距离2027年军考还有262天，爆发吧小宇宙,67,?,0,Z 其他,,网易云《追梦赤子心》,https://music.163.com/#/song?id=,
18岁帮助父母还债四万，19岁自己腰伤连带和女友考驾照，给妈妈看病花了将近五万，两年里里外外将近十万，一个月薪水只有四千，我只是个初中毕业生，农村人没有文凭没有本事，万事靠自己，还好有我最爱的女人一直陪伴着我，现在我一个月能拿到六千块，计划买车了，祝福我们吧，我今年20从未放弃过  ⇒  26年了，你一定很好吧,67,?,0,Z 其他,,网易云《追梦赤子心》,https://music.163.com/#/song?id=,
距离2015年高考还有202天，正在刷数学题，爆发吧小宇宙  ⇒  你应该已经考上理想的大学了吧☺️,67,?,0,Z 其他,,网易云《追梦赤子心》,https://music.163.com/#/song?id=,
距离2015年高考还有202天，正在刷数学题，爆发吧小宇宙  ⇒  距离2027高考还有264天 请你相信自己可以做到的 加油吧少年 你一定考上的 你叫不死鸟,67,?,0,Z 其他,,网易云《追梦赤子心》,https://music.163.com/#/song?id=,安慰语命中
18岁帮助父母还债四万，19岁自己腰伤连带和女友考驾照，给妈妈看病花了将近五万，两年里里外外将近十万，一个月薪水只有四千，我只是个初中毕业生，农村人没有文凭没有本事，万事靠自己，还好有我最爱的女人一直陪伴着我，现在我一个月能拿到六千块，计划买车了，祝福我们吧，我今年20从未放弃过  ⇒  加油，说不定白手起家呢[强],67,?,0,Z 其他,,网易云《追梦赤子心》,https://music.163.com/#/song?id=,安慰语命中
七年前妈妈走了 七年后的我也肺结节了 活在这个煎熬的世界 难道那是另外一种解脱？  ⇒  加油，加油，一定要加油呀,67,?,0,B 失去 / 离别,,网易云《妈妈》,https://music.163.com/#/song?id=,安慰语命中
17岁 厨师学徒 两个月 一个月1200 很累 但是从今天开始 加油吧！ 周远勇[呲牙]  ⇒  现在应该是的大厨了吧,67,?,0,C 疲惫 / 撑不住,,网易云《活着》,https://music.163.com/#/song?id=,
所以活着的意义是什么  ⇒  可能是为了晚点死吧,67,?,0,F 迷茫 / 年龄焦虑,,网易云《活着Viva》,https://music.163.com/#/song?id=,
希望我能从广州就医活着回来  ⇒  好好睡一觉吧晚安,67,?,0,Z 其他,,网易云《活着Viva》,https://music.163.com/#/song?id=,安慰语命中
一个人抗癌4年了，真的好累  ⇒  兄弟加油啊一定要好起来 等你好了一定要回来回我[认可],67,?,0,C 疲惫 / 撑不住,,网易云《失眠》,https://music.163.com/#/song?id=,安慰语命中
一个人抗癌4年了，真的好累  ⇒  等着你呢[憨笑],67,?,0,C 疲惫 / 撑不住,,网易云《失眠》,https://music.163.com/#/song?id=,
我的宝宝不爱我了  ⇒  都不要你了还叫宝宝呢[哀伤],67,?,0,Z 其他,,网易云《失眠 (Cover Suki刘舒妤)》,https://music.163.com/#/song?id=,
人总是活在回忆里  ⇒  只是困住了，并非活在[唉],67,?,0,Z 其他,,网易云《失眠 (Cover Suki刘舒妤)》,https://music.163.com/#/song?id=,
我讨厌一个广东人  ⇒  呃为什么要讨厌我们广东人呢？,67,?,0,Z 其他,,网易云《失眠 (Cover Suki刘舒妤)》,https://music.163.com/#/song?id=,
2026.7.28.3:05我们分手了 2022.5.7.15:30我们在一起的 我爱你  ⇒  哎哪有什么一帆风顺,67,?,0,B 失去 / 离别,,网易云《失眠 (Cover Suki刘舒妤)》,https://music.163.com/#/song?id=,
来听听我和她的故事吧我在初中的时候就喜欢她毕业的时候我向她表了白我当时已经做好了被拒绝但是她同意了我真的好开心啊我发誓要爱她一辈子。我们刚开始确实很相爱但是暑假开学了我们在一起的时间很少很少那天我们一起出来玩我的心情很激动我想过了无数种我们相见的样子但是她那天提了分手我好恨她……  ⇒  要天天开心呀[蛋仔送福],67,?,0,B 失去 / 离别,,网易云《失眠（抖音最火版）》,https://music.163.com/#/song?id=,
  ⇒  亚马尔还伤感呀😻,67,?,0,Z 其他,,网易云《失眠（抖音最火版）》,https://music.163.com/#/song?id=,
Asen哥中考前一周我把手机捎到学校 每晚都沉浸在你的歌中才能入睡 中考第一天的物理考试我考砸了 给了妈妈打了电话妈妈让我不要紧张但我还是睡不着 就单曲循环了这首歌 心中也平静了下来 第二天的英语考试超长发挥英语作文最后的结尾我写下了这首歌的第四句歌词 结果成绩比平时高了60分上了理想的高中  ⇒  今年也上大学了吧兄弟 考咋样,67,?,0,H 身体 / 睡眠,,网易云《焦虑》,https://music.163.com/#/song?id=,
大三了，很迷茫，和asen哥一样是机械电子工程，不知道未来的路该怎么走  ⇒  不会失业的 拿个一年学学几个软件 进企业慢慢沉淀吧,67,?,0,A 被否定 / 失败,,网易云《焦虑》,https://music.163.com/#/song?id=,
上初三了 要中考 我在想要怎么办[哭哭]  ⇒  加油嘛兄弟我初三一年都没读都上高中了[乞求],67,?,0,F 迷茫 / 年龄焦虑,,网易云《焦虑Pt.2/膨胀》,https://music.163.com/#/song?id=,安慰语命中
歌单里1500首歌，400次播放[笑哭了]  ⇒  一看评论你人缘这么好呀儿子[感动],67,?,0,Z 其他,,网易云《焦虑Pt.2/膨胀》,https://music.163.com/#/song?id=,
怎么不讲话了呀？[感动]你的情绪价值为什么会收藏呢？还不是因为那些网上发个文案，然后配情绪价值，说我怎样才能获得你情绪价值的图片，然后你这种小字听着特别有感觉，就直接跑来网易云收藏了那么老的歌，你现在才收藏，真的是搞笑，一语点破兄弟  ⇒  哥们芳草地最近才收藏，你搁我这身上说呢[笑哭了],67,?,0,Z 其他,,网易云《焦虑Pt.2/膨胀》,https://music.163.com/#/song?id=,
就喜欢这种该死的慵懒东北佬口音  ⇒  666广东的来开启南北战争吧,67,?,0,Z 其他,,网易云《焦虑》,https://music.163.com/#/song?id=,
同小红书过来的[搞怪]  ⇒  同好啊，觉得这歌能🔥,67,?,0,Z 其他,,网易云《一个人》,https://music.163.com/#/song?id=,
暗恋很久了，破千就表白  ⇒  快破千了，有后续的话一定要留个言哦，祝你顺利，不过现在你还喜欢她吗,67,?,0,Z 其他,,网易云《遗憾》,https://music.163.com/#/song?id=,
嘿嘿，找到了一首我妈妈喜欢听的歌[乞求]  ⇒  而且你这个小狗装扮好好看呀,67,?,0,Z 其他,,网易云《遗憾》,https://music.163.com/#/song?id=,
他就是很浮夸 很戏精 很做作 我理解不了那些喜欢他的人  ⇒  因为薛之谦有很多喜欢他爱他的人。换种角度，你的头像是你心肝的可爱照片是事实，如果别人粉丝曲解成了一种做作戏精你会怎么想呢,67,?,0,Z 其他,,网易云《遗憾》,https://music.163.com/#/song?id=,
与其亲眼看着我们的爱情被一点点消耗殆尽，最终死去，不如趁现在提前结束  ⇒  为什么要在感情里当懦夫呢？,67,?,0,Z 其他,,网易云《遗憾》,https://music.163.com/#/song?id=,
突然哼出 与其让你在我怀中枯萎  ⇒  啊我也是！我脑子里全是这句,67,?,0,Z 其他,,网易云《遗憾》,https://music.163.com/#/song?id=,
我知道大家喜欢之前那个现场版 但是好像录音室版本就是跟现场版出来会有差别 我也不太懂 但是已经尽量贴合了 谢谢大家的喜欢 我会记在心里  ⇒  好喜欢你的音色，以后也多唱唱歌吧,67,?,0,F 迷茫 / 年龄焦虑,,网易云《遗憾》,https://music.163.com/#/song?id=,
这个能不能多唱一点 特别喜欢这个歌呀[装可爱]  ⇒  等我学会了就给你唱呀～,67,?,0,Z 其他,,网易云《加油！》,https://music.163.com/#/song?id=,
在父母的眼里可能成绩比我还重要😔  ⇒  可是没有你，哪来的成绩啊每个人都闪闪发光，你也是,67,?,0,Z 其他,,网易云《加油》,https://music.163.com/#/song?id=,
恋爱脑怎么了 永远喜欢我的小祈宝宝  ⇒  现在呢？怎么不说话了,67,?,0,Z 其他,,网易云《加油（0.8）》,https://music.163.com/#/song?id=,
大家都是从哪里发现这首曲子的💫  ⇒  日推呀[装可爱],67,?,0,Z 其他,,网易云《在痛苦彻底撕裂之前》,https://music.163.com/#/song?id=,
这不比年少成名好听？  ⇒  第一首收藏，也可以啊。不也没人听么,67,?,0,D 孤独 / 没人,,网易云《直视痛苦》,https://music.163.com/#/song?id=,
你别讨厌我 我也恨自己为什么好不起来  ⇒  宝宝 开心呀 [装可爱],67,?,0,Z 其他,,网易云《告别》,https://music.163.com/#/song?id=,
伴奏共用的吗  ⇒  很多歌都是这样啊,67,?,0,Z 其他,,网易云《告别》,https://music.163.com/#/song?id=,
宝宝T_T  ⇒  mua 好好生活哦,67,?,0,Z 其他,,网易云《告别》,https://music.163.com/#/song?id=,
我和我对象快分手了[流泪]  ⇒  分了吗 可能是冷淡期吧 我前几天也是这样想的 但是现在状态什么的都回来了,67,?,0,B 失去 / 离别,,网易云《告别》,https://music.163.com/#/song?id=,
这真的是18年能有的编曲吗，越听越有韵味  ⇒  是的呢[装可爱],67,?,0,Z 其他,,网易云《告别》,https://music.163.com/#/song?id=,
那你什么时候回来。  ⇒  呜呜呜他看不见这个回复了好遗憾的感觉,66,?,25660,Z 其他,,网易云《失眠》,https://music.163.com/#/song?id=,
痛苦了四百遍发现是写给迈巴赫的情歌  ⇒  挺好的 乐意看到sasi走出痛苦 感谢陪伴,66,?,2051,Z 其他,,网易云《天生痛苦》,https://music.163.com/#/song?id=,
看见名字立马点进去听 结果…… 再也不可能有焦虑这样的歌了 就算是2也完全没有1的感觉 阶段变了状态变了再也写不出那种郁郁不得志的感觉了 最伟大的作品在苦难中诞生 可能确实这样  ⇒  asen现在走起了怎么去写1的感觉，那不是无病呻吟吗,66,?,1565,Z 其他,,网易云《焦虑Pt.2/膨胀》,https://music.163.com/#/song?id=,
地球online真是拉完了 ，你让十几岁的孩子去思考活下去的意义 😂😂😂  ⇒  中国的孩子很特别，在本该无忧无虑的年纪，开始被迫思考活着的意义是什么,66,?,172,F 迷茫 / 年龄焦虑,,网易云《在痛苦彻底撕裂之前》,https://music.163.com/#/song?id=,
2031考上中国人民公安大学侦查学给在场所有人点奶茶！绝不食言！  ⇒  加油 等到那个时候你就是一个能给自己撑起一片天的小大人了[可爱],66,?,2,Z 其他,,网易云《magnolia》,https://music.163.com/#/song?id=,安慰语命中
今天是夏日祭，也是波稻生日，祝波稻生日快乐，恭喜波稻考上大学！🧁🍰[蛋糕]  ⇒  刚看完，真不错 有个番外就是讲波稻和日鹤去东京的故事，不过是漫画,66,?,2,Z 其他,,网易云《失恋ソング沢山聴いて 泣いてばかりの私はもう。》,https://music.163.com/#/song?id=,
林夕的牛逼之处在于，能写粤语也能写国语，能深情也能励志，能市井也能优雅，歌词逻辑通顺情绪通顺，言之有物，描述精准，产量巨大，质量极高。说句夸张点的，华语乐坛无人能出其右。  ⇒  梁伟文表示有点夸张,66,?,1,Z 其他,,网易云《想哭》,https://music.163.com/#/song?id=,
西安局的动车到终点站了  ⇒  西安挺多场所 都有陈辉阳的钢琴曲纯音乐，不知道是巧合还是有什么渊源，除了动车到站，还在赛格遇到过，那天发现连我公司一楼大堂也能听到终身美丽。,66,?,1,F 迷茫 / 年龄焦虑,,网易云《抱抱》,https://music.163.com/#/song?id=,
全名是《失恋阵线同盟》  ⇒  不是，你说的是普通话版，粤语版就是失恋,66,?,1,Z 其他,,网易云《失恋》,https://music.163.com/#/song?id=,
去挥霍和珍惜是同一件事情，有没有人突然听懂了的  ⇒  其实是同一个人 对同一段感情 一开始一定是倍感珍惜 等相处到很长时间 生活境遇的锉磨 开始变得不在意这段感情 开始去挥霍。所以去挥霍和去珍惜是对同一件事情,66,?,1,D 孤独 / 没人,,网易云《关于我爱你》,https://music.163.com/#/song?id=,
这辈子没叫过妈妈，因为我妈妈为了生我去世了，所以我从来不过生日[皱眉]  ⇒  她来这个世界 就是带你来看一看,66,?,1,B 失去 / 离别,,网易云《妈妈》,https://music.163.com/#/song?id=,
歌挺好的，为什么非得又是裤裆又是前女友傍大款  ⇒  不爱听可以不听本来这种音乐风格写的就是这些东西,66,?,1,Z 其他,,网易云《焦虑》,https://music.163.com/#/song?id=,
歌挺好的，为什么非得又是裤裆又是前女友傍大款  ⇒  因为这就是他的生活,66,?,1,Z 其他,,网易云《焦虑》,https://music.163.com/#/song?id=,
我和你一样呢宝宝 重感情就是忘不掉以前那些美好的回忆 他不是对的人 你可以试着接受新的人 多谈其他人 到时候你会发现比他好的多的去了  ⇒  在这之前我还找了一个270多天的找他就是想望掉前任的气死我了,66,?,0,Z 其他,,网易云《斑马，斑马》,https://music.163.com/#/song?id=,
没气了 [发布了语音，请前往最新移动端版本查看]  ⇒  姐姐，你的歌挺好听我爱 [发布了语音，请前往最新移动端版本查看],66,?,0,Z 其他,,网易云《归去来兮》,https://music.163.com/#/song?id=,
"""我考研要考北大"" 父母：""别做梦了"" 同学：""哈哈哈哈"" 亲友：""别想太多"" 课上，一个人坐第一排的多人桌。 课下，一个人独立孤行，不留不等。 我冷血无情，我一心向学，我今年大一。我！很孤独，四年后，我要让所有人羡慕我的孤独。不就是北大么？呵呵  ⇒  考上了吗？虽然问的有点晚了[举手]",66,?,0,D 孤独 / 没人,,网易云《孤独》,https://music.163.com/#/song?id=,
希望夏尽时亡能翻拍成电视剧[大笑]  ⇒  不希望。不是原版出演我怕会丢了那种感觉,66,?,0,Z 其他,,网易云《1분도 못버텨》,https://music.163.com/#/song?id=,
好女儿啊，你怎么还在追着我鲨啊，我只是开了个心动模式而已  ⇒  反正心动了[偷笑],66,?,0,Z 其他,,网易云《别难过》,https://music.163.com/#/song?id=,
高中‮我给‬的感觉很奇怪 有一种不知‮在道‬忙什么的迷茫感。忙了之‮很后‬累，仔细想想发现只‮写是‬了作业而已，况且‮业作‬质量也不高。每天三点一线，教室 食堂 宿舍 日子就‮样这‬被吸了水的海‮挤绵‬压，但是挤又挤不出‮自来‬己想要的‮西东‬  ⇒  同感！好想快点结束这样的日子,66,?,0,C 疲惫 / 撑不住,,网易云《有我呢》,https://music.163.com/#/song?id=,
想听听初中生小学生对未来的看法  ⇒  愿未来比现在好就可以！要积极乐观 这就是我,66,?,0,F 迷茫 / 年龄焦虑,,网易云《Sacred Play Secret Place》,https://music.163.com/#/song?id=,
会的，一切都会变好的，再等等  ⇒  真的好起来了，谢谢你,66,?,0,Z 其他,,网易云《Sacred Play Secret Place》,https://music.163.com/#/song?id=,安慰语命中
粤语歌真的是太有味道了，祖儿的所有歌都不是粗暴地说爱恨，所有的不甘、想念、温柔和自信都淡淡地叙述，却意外的有说服力，特别好，真的，我都无法说多好了，总之就很好  ⇒  有時候或許最簡單就是最有力的描述 人的悲歡離合並不相同 卻有共鳴,66,?,0,B 失去 / 离别,,网易云《抱抱》,https://music.163.com/#/song?id=,
你在这句话里面加了什么？感觉好心酸  ⇒  分手的时候哭死了 一直走不出来 他是我谈的最久的一个我真的很爱他[感动],66,?,0,B 失去 / 离别,,网易云《难过》,https://music.163.com/#/song?id=,
26岁 找个男盆友  ⇒  真的可以找到吗……,66,?,0,Z 其他,,网易云《我不难过 (Live)》,https://music.163.com/#/song?id=,
这么久了还是会偷偷看你动态  ⇒  被劈腿真的很伤人，被谈了7年的男朋友劈腿，过了5年了，还会梦到被他绿[笑哭了],66,?,0,Z 其他,,网易云《我不难过 (Live)》,https://music.163.com/#/song?id=,
26的老阿姨了 家里催的不行 来个同龄的小哥哥凑一对[大哭]  ⇒  还单吗？来晚了，不知道排上队没,66,?,0,F 迷茫 / 年龄焦虑,,网易云《失恋》,https://music.163.com/#/song?id=,
我迟了四年认识潮  ⇒  其实是迟了8年，日版漫画18年出的,66,?,0,Z 其他,,网易云《失恋ソング沢山聴いて 泣いてばかりの私はもう。》,https://music.163.com/#/song?id=,
不一定标准的哇[哭哭] [发布了语音，请前往最新移动端版本查看]  ⇒  好有tuki的感觉[欣赏音乐],66,?,0,Z 其他,,网易云《失恋ソング沢山聴いて 泣いてばかりの私はもう。》,https://music.163.com/#/song?id=,
咋都在说夏日重现 没人觉得抛开番 这个歌本身就很好听吗  ⇒  真的巨好听，听一次直接狠狠爱上,66,?,0,D 孤独 / 没人,,网易云《失恋ソング沢山聴いて 泣いてばかりの私はもう。》,https://music.163.com/#/song?id=,
耶✌️我抗癌成功了！  ⇒  恭喜恭喜，以后就是崭新的生活,66,?,0,F 迷茫 / 年龄焦虑,,网易云《一程山路》,https://music.163.com/#/song?id=,
应该吧，我也刚上，很不适应  ⇒  真的很快 不要怕 人不能同时拥有青春和对青春的感受,66,?,0,Z 其他,,网易云《追梦赤子心》,https://music.163.com/#/song?id=,
2026.9.12 来看了你最爱的歌手的演唱会 妈妈我爱你 希望你在天堂一切都好 下一个时间的轮回里我们还会再见面的 我想不到为什么世界上会有你这么温柔的人 可是关于你的记忆越来越模糊了 有时候想想 带我走吧 有你的人生才叫做活着  ⇒  妈妈最希望的就是你好好生活,66,?,0,Z 其他,,网易云《妈妈》,https://music.163.com/#/song?id=,
妈妈走了31年了。 我也31了。 父亲前几年也走了。留我一个人在世间。 颓废很多年。 我撑不下去了。房租都交不起。 太累了。  ⇒  看到你现在还挺好的，就好,66,?,0,G 高风险,,网易云《妈妈》,https://music.163.com/#/song?id=,
我诅咒你们，八十岁了还被爸妈打。  ⇒  虽然说我网速有点慢，但是我还是接[笑了],66,?,0,Z 其他,,网易云《MOM》,https://music.163.com/#/song?id=,
有从抖音“北鼻”来的吗  ⇒  我呀我呀 ，这首歌我以前就喜欢听，但是抖音的那个实在是太洗脑了,66,?,0,Z 其他,音乐评论，不是陪伴语言,网易云《活着》,https://music.163.com/#/song?id=,
好想回到妈妈的肚子里被打掉  ⇒  这个角度真的是没想到,66,?,0,Z 其他,,网易云《活着》,https://music.163.com/#/song?id=,
怎么样算没死？  ⇒  没死的都知道自己没死，只有死了的还不知道如何算没死,66,?,0,F 迷茫 / 年龄焦虑,,网易云《活着》,https://music.163.com/#/song?id=,
余华老师说:“人和人交往还是少说话 克制表达欲 平静温和就行 不自卑也别炫耀 别为获得共鸣 讲起过往没完没了 无意间表现的品质 被对方发现才更招人喜欢 胜过千言万语 仔细想想 你哪次滔滔不绝后 带来的不是悔恨 ”  ⇒  这真的余华老师说的吗[偷笑],66,?,0,B 失去 / 离别,,网易云《活着Viva》,https://music.163.com/#/song?id=,
阿仔都沦落到“冷门歌手 冷门歌”哈哈哈 太颠了这个世界  ⇒  冷门在哪 我感觉我小时候有记忆起就知道谢霆锋了 虽然小时候只知道他是演员,66,?,0,Z 其他,,网易云《活着Viva》,https://music.163.com/#/song?id=,
抖音过来的，那个小姐姐唱的蹩脚粤语又特别自信又节奏感  ⇒  谢霆锋版本真的难如听[难顶],66,?,0,Z 其他,,网易云《活着Viva》,https://music.163.com/#/song?id=,
“奇洛李维斯 真的回信了”  ⇒  “奇洛李维斯 真的回信了”,66,?,0,Z 其他,,网易云《活着Viva》,https://music.163.com/#/song?id=,
那个女的是我的好朋友，我的兄弟，也是我的好朋友，我能怎么办呢？只能放手了，我也不甘心，他俩后来谈都是我一手撮合成的，你知道我每次撮合他俩的时候，我心里有多难受吗？喜欢他却要帮他喜欢别人我不甘心  ⇒  兄弟你知道我名字的意思吗那就是默默的爱着ljy,66,?,0,F 迷茫 / 年龄焦虑,,网易云《失眠》,https://music.163.com/#/song?id=,
可是宝贝 每当下雨我都会想起你弯弯的嘴角.  ⇒  心好像一把坏掉的伞 撑得起 收不回,66,?,0,Z 其他,,网易云《失眠》,https://music.163.com/#/song?id=,
今天是26年7月18日，这首歌是她最喜欢的，我们在一起听歌听了4629分钟，就在昨天晚上她去世了，喝农药走的准确说是被父母老师逼的，她的原生家庭并不好常常遭到父母的打骂十几年来亦是如此，她总是告诉我要好好爱自己可她呢她为什么不好好爱自己呢，我感觉现在天塌了，我都不知道以后的路要怎么走了  ⇒  带着挺的希望活下去加油兄弟,66,?,0,B 失去 / 离别,,网易云《失眠 (Cover Suki刘舒妤)》,https://music.163.com/#/song?id=,安慰语命中
哥们虚空索敌，下次先把字打对哈[笑哭了]  ⇒  怎么不讲话了呀？[感动]你的情绪价值为什么会收藏呢？还不是因为那些网上发个文案，然后配情绪价值，说我怎样才能获得你情绪价值的图片，然后你这种小字听着特别有感觉，就直接跑来网易云收藏了那么老的歌，你现在才收藏，真的是搞笑，一语点破兄弟,66,?,0,Z 其他,,网易云《焦虑Pt.2/膨胀》,https://music.163.com/#/song?id=,
女朋友喜欢alin 她陪我看了最爱的陈奕迅 一定要带她看一场alin 死手加油抢啊！！！！  ⇒  alin内场挺好抢的,66,?,0,Z 其他,,网易云《一个人》,https://music.163.com/#/song?id=,
Hi，过路人，我不求你能在几万评论里看见我，如果你看见我了，说明你很幸运，我知道你们也有故事，只是没说。如果我还没注销账号，说明我还活着，最后…祝你们平安吧[脸红]  ⇒  不管真假 一定有点故事天天开心,66,?,0,Z 其他,,网易云《遗憾》,https://music.163.com/#/song?id=,
暗恋很久了，破千就表白  ⇒  这世界没有表白，一切都是水到渠成，表白是两个人心知肚明没有捅破窗户纸罢了[哭哭] 单相思表白只能是自我感动。话很难听[哭哭]但是现实就是如此,66,?,0,Z 其他,,网易云《遗憾》,https://music.163.com/#/song?id=,
美静的声音真的好有质感，好好听，就像一块干净的肥皂  ⇒  肥皂也有点太廉价了，像一块美玉,66,?,0,Z 其他,,网易云《遗憾》,https://music.163.com/#/song?id=,
有些人这辈子你已经见过最后一面了。  ⇒  现在毕业再看真的很感触,66,?,0,B 失去 / 离别,,网易云《遗憾》,https://music.163.com/#/song?id=,
快给我火！！！🔥🔥🔥  ⇒  今天都不知道听了多少遍了,66,?,0,F 迷茫 / 年龄焦虑,,网易云《加油》,https://music.163.com/#/song?id=,
所以，被爱的前提到底是什么  ⇒  没有固定答案，喜欢就是喜欢了,66,?,0,Z 其他,,网易云《加油（0.8）》,https://music.163.com/#/song?id=,
世界没有扭曲，是身体性能差，差到无法接受所有美好，差到明明可以选择开心的事却开心不起来  ⇒  世界就是扭曲的，身体不差，是扭曲的世界压垮了身体，扭曲的世界让人面对本可以开心的事情也开心不起来了,66,?,0,Z 其他,,网易云《在痛苦彻底撕裂之前》,https://music.163.com/#/song?id=,
一句zmjjkk下去 一点听的欲望都没了  ⇒  不是掉价是明显想搞点流的样子有点难看[笑哭了],66,?,0,B 失去 / 离别,,网易云《直视痛苦》,https://music.163.com/#/song?id=,
这不比年少成名好听？  ⇒  绝对好听多了 这首也是全专为数不多好听的歌 年少成名那个歌混音和唱法都很有问题 抛开内容不谈你让几年前的隼过来唱就是会唱的好听很多,66,?,0,Z 其他,,网易云《直视痛苦》,https://music.163.com/#/song?id=,
？？？这真的不是连麻吗  ⇒  尊重歌手，每个人都是独立的[抱抱你],64,?,3,Z 其他,音乐评论，不是陪伴语言,网易云《爱欲求》,https://music.163.com/#/song?id=,安慰语命中
留言和想哭是这张专辑我最喜欢的两首歌。  ⇒  我也是好喜欢这两首。 留言这么好听，居然这么冷门。,64,?,0,Z 其他,,网易云《想哭》,https://music.163.com/#/song?id=,
每个不停阶段听都是不同的感受，脑海里也在播放不同的MV。第一次听的时候感觉很轻松治愈，脑海里的MV是小猫小狗；去找她的路上听的时候，脑海里的MV是和她的幸福场景；那段时间很少听歌了。后来分开的时候再听，脑海里浮现的是那些已经播放的和未能播放的场景；后来我又遇到了一个很好很好的人……  ⇒  现在，我又戴上了耳机，脑海里播放着两段已经播放的和没能播放的幸福场景。,64,?,0,Z 其他,,网易云《Sacred Play Secret Place》,https://music.163.com/#/song?id=,
谁说一句活下去，我就活几天  ⇒  我问你。我要我要我要我要我要我要我要我要我要我要我要我要我要我要爸爸电影爸爸妈妈给爷爷没有白云的没没没有没有哇。,64,?,0,Z 其他,,网易云《爱我你就抱抱我》,https://music.163.com/#/song?id=,
我是家里第一位高中生，也是第一位大学生，最后94天，我也一定要成为家里的第一位研究生！  ⇒  我一定要考上研究生！,64,?,0,Z 其他,,网易云《一程山路》,https://music.163.com/#/song?id=,
我最近感觉刚活过来，但是因“死去”太久，现在感觉有点不适应，必须打起精神来！  ⇒  我已经“死”了。,64,?,0,Z 其他,,网易云《活着》,https://music.163.com/#/song?id=,
小学6年？！？！  ⇒  不是，初中二年到高中三年，大学一年，我和他报了同一志愿。一起上大学。,64,?,0,Z 其他,,网易云《失眠》,https://music.163.com/#/song?id=,
大学一位学姐，貌美有上进，还有一个在另一个城市工作的帅气男盆友，我们都把他们当童话故事里的公主和王子，每每羡慕的星星眼，她都是淡淡的笑。直到有一天，我把耳机的另一边塞在她耳朵里，放的这首我不难过，她却哭了。  ⇒  你泡学姐，小心学长打你哦。,63,?,6681,Z 其他,,网易云《我不难过》,https://music.163.com/#/song?id=,
2026.7.15，10:39我确认我中考失利了，我会一辈子活在这个阴影里，活在亲戚朋友们的言语里，活在自卑的囚笼里，我想，我真的没有前途了吗  ⇒  没有任何一场考试可以决定一个人的一生，你还年轻，未来还有无限可能，考试并非唯一道路，大胆的探索适合自己的道路吧。,63,?,0,D 孤独 / 没人,,网易云《Sacred Play Secret Place》,https://music.163.com/#/song?id=,
"我是一个缺爱泪失禁又容易感性的人,一难过焦虑想哭就想钻进被窝,用被子紧紧裹住自己放首舒缓的音乐,假装有人抱着我轻声安慰,然后我想着睡着了就行了,结果起来被子还是湿了一角  ⇒  发这个评论还是胡思乱想焦虑的时候,也是那样用被子裹住自己的操作,可能发这个评论还是忧郁感性了，别骂我别嘲笑我呀。",63,?,0,E 愤怒 / 被欺负,,网易云《magnolia》,https://music.163.com/#/song?id=,
加油活下去你就是你自己的世界不要介意别人的看法哟  ⇒  噢不手抖字打错了。,63,?,0,Z 其他,,网易云《magnolia》,https://music.163.com/#/song?id=,
爷爷得了肺癌，我也才五年级，看着别人的爷爷接送他们，心里会很难受，爸爸每次回家都会哭，爸爸天天在两边跑，待在家里的时间只有十几天，希望爷爷能快点好起来，祝你早日康复！  ⇒  生命已经倒计时了，多见几天吧。,63,?,0,Z 其他,,网易云《海屿你》,https://music.163.com/#/song?id=,
雨停了，我终于可以下去了，可我的身边却少了一位人，那场大雨不仅带走了我的爱人，还带走了我对这个世界的期望  ⇒  一定要活下去啊混蛋！我都坚持下来了！！！,63,?,0,B 失去 / 离别,,网易云《失眠 (Cover Suki刘舒妤)》,https://music.163.com/#/song?id=,
真正属于你的东西从来不需要你用力去抓紧  ⇒  嗯，看似有选择，又好似没有选择。,63,?,0,Z 其他,,网易云《一个人》,https://music.163.com/#/song?id=,
十几岁的时候不正是思考这些的时候吗  ⇒  他们还都是小孩子啊。。,63,?,0,Z 其他,,网易云《在痛苦彻底撕裂之前》,https://music.163.com/#/song?id=,
偶然在一个唱聊房主的房间里听到了这首歌，等回过神来时，歌曲已经播放完毕了，等我反应过来的时候，歌已经换掉了，房主也找不到了，只记得一点旋律，可惜哼唱识曲没用🙈，于是，我开始在房主3202首我喜欢里一首一首的找，从23：34一直找到01：57，终于，熟悉的旋律再次响起，找到后直接困晕过去了🙈  ⇒  第一次傻傻的为一首歌熬夜，发条评论纪念一下！愿每一份坚持最后都会有结果❤️,62,?,48261,A 被否定 / 失败,,网易云《Love Is Gone (Acoustic)》,https://music.163.com/#/song?id=,
睡不着睡不着！！！单曲循环，越循环越睡不着，越睡不着，越是思考人生，越是思考，越是睡不着。歌词简直就是内心独白[流感]，感悟过后，依然睡不着。循环、循环。。。良性or恶性？？！  ⇒  人家成功了，所以可以这样唱， 如果你还在为生存而努力，就不要考虑生活了……想的太多，做的太少！如斯也。[大哭],62,?,46954,H 身体 / 睡眠,,网易云《活着》,https://music.163.com/#/song?id=,
这就是个过气歌手，发的歌都是改以前发过的，没有创作精神。大家不要再追了，下次演唱会不要去抢票，让我近距离批判他  ⇒  40米的刀拔出来收回去很累的,62,?,3588,C 疲惫 / 撑不住,,网易云《孤独》,https://music.163.com/#/song?id=,
我喜欢奇洛李维斯回信和喜欢这首歌并不冲突，并没有说这是奇洛李维斯专属，只是觉得很适配，所以提及，只是提的人多了，引起一部分人反感，但请相信我们没有恶意，我是因为这本小说，才感觉到粤语歌的魅力，算是互相成就，所以不管是喜欢小说，还是歌，还是都喜欢，总归是没矛盾的  ⇒  什么时候才能回到ky人人喊打的时代🫂,62,?,1773,Z 其他,,网易云《活着Viva》,https://music.163.com/#/song?id=,
盗版我听几百遍，这个清晰的声音出来我的眼泪也出来了  ⇒  听哭了 sasi结束了他的痛苦了 我的人生也才刚刚启程,62,?,1612,Z 其他,,网易云《天生痛苦》,https://music.163.com/#/song?id=,
这首歌与《失恋阵线联盟》有什么区别呢...  ⇒  粤语跟国语的区别,62,?,1580,Z 其他,,网易云《失恋》,https://music.163.com/#/song?id=,
腔调像连麻 旋律像sasi 声音和韵脚处理像隼  ⇒  原来被耍成曲面的女孩子是sasi,62,?,1266,Z 其他,,网易云《爱欲求》,https://music.163.com/#/song?id=,
居然有人拿霆锋跟李易锋比，呵呵，恐怕李这辈子都到不了谢那个高度  ⇒  有眼光 李已经进去踩缝纫机了,62,?,1043,Z 其他,,网易云《活着Viva》,https://music.163.com/#/song?id=,
爱，不就是人类最根本的欲望么  ⇒  有些欲望是爱，有些爱却只是欲望,62,?,892,Z 其他,,网易云《爱欲求》,https://music.163.com/#/song?id=,
谢霆锋其人，80后说他是歌手，90后说他是演员，00后说他是厨子[大哭]  ⇒  10后说他是滑雪运动员[大哭],62,?,859,Z 其他,,网易云《活着Viva》,https://music.163.com/#/song?id=,
“几时走” “今日离港”  ⇒  离港！我希望你是我的勃朗峰,62,?,783,Z 其他,,网易云《活着Viva》,https://music.163.com/#/song?id=,
Sakee喊我不要回应了但他晓得我太固执  ⇒  重新听这张，听到这句愣了一下,62,?,590,Z 其他,,网易云《焦虑Pt.2/膨胀》,https://music.163.com/#/song?id=,
看见名字立马点进去听 结果…… 再也不可能有焦虑这样的歌了 就算是2也完全没有1的感觉 阶段变了状态变了再也写不出那种郁郁不得志的感觉了 最伟大的作品在苦难中诞生 可能确实这样  ⇒  为什么要一直停留在郁郁不得志的苦难阶段？,62,?,568,Z 其他,,网易云《焦虑Pt.2/膨胀》,https://music.163.com/#/song?id=,
没事明天隼一起来就知道什么是直面痛苦了  ⇒  已经破防退微信群了,62,?,280,Z 其他,,网易云《直视痛苦》,https://music.163.com/#/song?id=,
姐姐明年会考虑开生日会吗  ⇒  浪姐结束可以考虑搞一个见面会,62,?,204,Z 其他,,网易云《遗憾》,https://music.163.com/#/song?id=,
我知道大家喜欢之前那个现场版 但是好像录音室版本就是跟现场版出来会有差别 我也不太懂 但是已经尽量贴合了 谢谢大家的喜欢 我会记在心里  ⇒  依旧好听的，最好的孙怡,62,?,183,Z 其他,,网易云《遗憾》,https://music.163.com/#/song?id=,
陈辉阳真是垄断了千禧年初的港乐坛  ⇒  垄断不至于，还有伍乐城，雷颂德等作曲家,62,?,54,Z 其他,,网易云《抱抱》,https://music.163.com/#/song?id=,
今天是26年7月18日，这首歌是她最喜欢的，我们在一起听歌听了4629分钟，就在昨天晚上她去世了，喝农药走的准确说是被父母老师逼的，她的原生家庭并不好常常遭到父母的打骂十几年来亦是如此，她总是告诉我要好好爱自己可她呢她为什么不好好爱自己呢，我感觉现在天塌了，我都不知道以后的路要怎么走了  ⇒  听她的话好好替她活,62,?,51,B 失去 / 离别,,网易云《失眠 (Cover Suki刘舒妤)》,https://music.163.com/#/song?id=,
好震惊居然是18年的歌……对比之下这八年华语乐坛还真是全面退步……  ⇒  确实是，现在的歌都是跟机器一样，没啥灵魂 像我这样草稿本写曲，一轨一轨编乐器的，已经不多了,62,?,50,Z 其他,,网易云《告别》,https://music.163.com/#/song?id=,
弗洛洛：来告诉我，人死到底能不能复生呀  ⇒  剑鞘怎么跑出来了[怒],62,?,44,Z 其他,,网易云《别难过》,https://music.163.com/#/song?id=,
本来想躲着被子哭的，结果太舒服睡着了  ⇒  睡着了就好[EMO听歌],62,?,43,Z 其他,,网易云《失眠 (Cover Suki刘舒妤)》,https://music.163.com/#/song?id=,
前奏很不错··以为是首好歌，人声一进就立刻切歌，啥呀这是  ⇒  不喜欢切歌就行了没必要专门回来评论攻击一下人声,62,?,40,Z 其他,,网易云《焦虑》,https://music.163.com/#/song?id=,
小学某个暑假听的这首歌，一晃都大学毕业了  ⇒  最近心情很乱也是忽然想到这个歌回来看看结果居然还有人!,62,?,34,Z 其他,,网易云《一个人》,https://music.163.com/#/song?id=,
这首歌你知道费很多感情  ⇒  只有哭着才能唱出来,62,?,28,Z 其他,,网易云《我不难过 (Live)》,https://music.163.com/#/song?id=,
那天在车上颠簸的时候无意中听到，仔细想想这首歌的专辑距离现在多少年了已经。你现在终于是一姐了，各种意义上的一姐，你做到了，真的做到了，你赢了，赢得很彻底，但我再也找不到当初的那个你了。现在的你唱歌还能令你快乐吗？楼下一头一尾两间音像店都在轮流播你的争气和心淡的日子是再也回不来了。  ⇒  又7年了，内地崛起，香港衰落，又变了,62,?,27,F 迷茫 / 年龄焦虑,,网易云《抱抱》,https://music.163.com/#/song?id=,
本蟹黄堡已经快被圈粉了  ⇒  棠主魅力真大[亲亲],62,?,15,Z 其他,,网易云《别错过 (Live版)》,https://music.163.com/#/song?id=,
为什么有种说不出的耳熟…不会是Ai音乐吧  ⇒  小鬼们最爱的空口鉴 AI 环节,62,?,14,Z 其他,,网易云《告别》,https://music.163.com/#/song?id=,
棠主6期每期不同帅哥[大笑]  ⇒  本蟹黄堡已经快被圈粉了,62,?,10,Z 其他,,网易云《别错过 (Live版)》,https://music.163.com/#/song?id=,
父母越来越慈祥 感觉前半生的痛苦都像是假的  ⇒  因为你开始对他们产生价值了,62,?,9,Z 其他,,网易云《在痛苦彻底撕裂之前》,https://music.163.com/#/song?id=,
玩了橙光游戏之后找来的举手  ⇒  夏尽时亡，，最爱吴世勋[色],62,?,6,Z 其他,,网易云《1분도 못버텨》,https://music.163.com/#/song?id=,
★☆☆☆☆ 带我入坑的女玩家人超级好 下次能不能给她幸福的剧本。 还有下次别带我入坑了  ⇒  下次还会是她，你们会有一个幸福的剧本,62,?,5,Z 其他,,网易云《在痛苦彻底撕裂之前》,https://music.163.com/#/song?id=,
又7年了，内地崛起，香港衰落，又变了  ⇒  首先内地乐坛没有崛起任何东西,62,?,4,Z 其他,,网易云《抱抱》,https://music.163.com/#/song?id=,
我记得抖音环境不是挺好的吗  ⇒  总爱玩众人皆醉我独醒,62,?,4,Z 其他,,网易云《焦虑》,https://music.163.com/#/song?id=,
今天怎么想到听这个呢 宝宝们  ⇒  想到了若无其事是最好的报复,62,?,3,Z 其他,,网易云《想哭》,https://music.163.com/#/song?id=,
留言和想哭是这张专辑我最喜欢的两首歌。  ⇒  还有 除了这些，还有…,62,?,3,Z 其他,,网易云《想哭》,https://music.163.com/#/song?id=,
"“怎样的我，才能令你骄傲呢？” “爱弥斯，我只希望，你能轻松快乐地活着。” “这样啊...” ""爱弥斯对我，有什么期望吗？"" “我希望...... 在你未来漫长的生命中，仍然能够感知悲伤，也能够时常觉得幸福。 最后这段旅行，能和你一起走......真是太好啦！”  ⇒  你敢自己读一遍吗？[怒]",62,?,3,F 迷茫 / 年龄焦虑,,网易云《别难过》,https://music.163.com/#/song?id=,
收费让我们相聚在这里  ⇒  可是我听了原唱VIP版 我还是喜欢live版,62,?,3,Z 其他,,网易云《我不难过 (Live)》,https://music.163.com/#/song?id=,
我不谈恋爱的原因 因为我是神 神习惯了孤单 神不会凡选 神不被定义 神不碰恋情 神不入情局 神不贪温柔 神只做自 神不盼陪伴 神职守本心 神不缺温柔 神不求偏爱 神不被左右 神不缺理解 神不盼聊天 神不信承诺 神不做依赖 神不随凡流 神不恋烟火 神不被约束 神中自由 神只爱自由 神不做妥协 神只守本心  ⇒  你并不是神，只是被伤的太重了,62,?,3,D 孤独 / 没人,,网易云《失眠 (Cover Suki刘舒妤)》,https://music.163.com/#/song?id=,
邓紫棋的真是奇怪，出专辑的时候不温不火，她的歌总是过了几年之后才现象级地爆红，这是否说明她的创作理念领先大部分听众几年呢  ⇒  让子弹飞一会[认可],62,?,2,Z 其他,,网易云《孤独》,https://music.163.com/#/song?id=,
第三十三秒卡碟了 第一句 蓝进我心 很明显少了一帧  ⇒  @張學友--JackyCheung @早餐嘅 啦几网易云,62,?,2,Z 其他,,网易云《想哭》,https://music.163.com/#/song?id=,
《想哭》《忘了哭》《我哭了》 所以學友你到底哭沒哭？  ⇒  还有一首，别让我发现你在哭,62,?,2,Z 其他,,网易云《想哭》,https://music.163.com/#/song?id=,
谁说一句活下去，我就活几天  ⇒  不管好过难活，都要活下去,62,?,2,Z 其他,,网易云《爱我你就抱抱我》,https://music.163.com/#/song?id=,
又失眠了，25岁了，开始很害怕了。  ⇒  怕什么，怕自己这个年纪还没成家?怕父母的催促?没必要怕，每天充实，有钱出去旅游看世界，没钱就努力上进,62,?,2,H 身体 / 睡眠,,网易云《关于我爱你》,https://music.163.com/#/song?id=,
我也想以后的女朋友能在大字的KTV安安静静的唱张悬的歌 而不是在那里撕心裂肺的唱着泡沫  ⇒  管天管地管别人喜欢什么歌,62,?,2,F 迷茫 / 年龄焦虑,,网易云《关于我爱你》,https://music.163.com/#/song?id=,
2026了还有人看夏日重现吗[哭哭]  ⇒  八刷了我[偷笑],62,?,2,Z 其他,,网易云《失恋ソング沢山聴いて 泣いてばかりの私はもう。》,https://music.163.com/#/song?id=,
𝙏𝙤 𝙬𝙞𝙣 𝙩𝙝𝙚 𝙬𝙤𝙧𝙡𝙙  ⇒  sure[认可],62,?,2,Z 其他,,网易云《一程山路》,https://music.163.com/#/song?id=,
为什么我2025年12月才听到这首歌？[大哭]  ⇒  火了的时候大家能不能给我多点几个赞,62,?,2,Z 其他,,网易云《妈妈》,https://music.163.com/#/song?id=,
“唔該，陳挽bb”  ⇒  陈挽，你无与伦比,62,?,2,Z 其他,,网易云《活着Viva》,https://music.163.com/#/song?id=,
或许史铁生也想不到母亲出去就再也没有回来  ⇒  天天把死挂在嘴边的人，不是在期待死，而是在渴望爱——史铁生,62,?,2,Z 其他,,网易云《失眠 (Cover Suki刘舒妤)》,https://music.163.com/#/song?id=,
挂电排后边去  ⇒  26年了还听不了电 土鸡蛋一个[大哭],62,?,2,Z 其他,,网易云《焦虑》,https://music.163.com/#/song?id=,
小红书过来的，觉得挺好听的  ⇒  同小红书过来的[搞怪],62,?,2,Z 其他,,网易云《一个人》,https://music.163.com/#/song?id=,
不删他 内耗能杀死我 删了他 思念会杀死我 诸位军师 这局何解.  ⇒  内耗的时候删了他，想他的时候加回他[偷笑],62,?,2,Z 其他,,网易云《遗憾》,https://music.163.com/#/song?id=,
遗憾总是贯穿人生的始终  ⇒  可是我从不觉得遗憾 是我的就永远是我的不是就不是 我要的是结果而不是过程 我要的从来都不是所谓的爱情 是长久的陪伴和安心踏实的生活,62,?,2,Z 其他,,网易云《遗憾》,https://music.163.com/#/song?id=,
你对我总是很理智，而我却像个疯子  ⇒  他明明知道我放不下 可还是那么绝情 把我当空气一样,62,?,2,Z 其他,,网易云《遗憾》,https://music.163.com/#/song?id=,
九年级好累  ⇒  想收到很多祝福的话,62,?,2,C 疲惫 / 撑不住,,网易云《加油！》,https://music.163.com/#/song?id=,
分享歌词： 加油鸭， 加油鸭， 向前冲鸭， 苍天鸭， 大地鸭， 我的马鸭， 你好鸭， 丑小鸭， 等等我鸭， 梦想在， 前方鸭， 等着大家， 新的一天开始啦， 我出门离开家， 外面风大雨也大， 我都不害怕， 虽然本领不算大， 我也要闯一下， 奔跑姿势很优雅， 跌倒继续爬， 加油鸭， 加油鸭， 向前冲鸭，  ⇒  确实我也觉得加油鸭也很好听吗？,62,?,2,B 失去 / 离别,,网易云《加油鸭》,https://music.163.com/#/song?id=,安慰语命中
大哥大哥多大发顺丰的惹人烦  ⇒  X。X。X。DNND,62,?,2,F 迷茫 / 年龄焦虑,,网易云《加油鸭》,https://music.163.com/#/song?id=,
这歌听一遍和听十遍，居然有不一样的感觉！越听越好听了  ⇒  这才是正常人 不是听一遍就过来分享自己的小众评价了,62,?,2,Z 其他,,网易云《直视痛苦》,https://music.163.com/#/song?id=,
2025了，还有人听吗  ⇒  2026啦，新年快乐,62,?,2,Z 其他,,网易云《告别》,https://music.163.com/#/song?id=,
一个人为了男友来到新疆 今天发烧 38°多 咳嗽的血丝都有 给他发讯息 他没能回我 也没来接我 蹲在门诊门口 哭了半小时 很俗的一句话：原来，我做了这么多，感动的只是我自己罢了 明天回台州 我要很幸福！！  ⇒  9年了 你幸福了吗,62,?,1,D 孤独 / 没人,,网易云《斑马，斑马》,https://music.163.com/#/song?id=,
我恨自己 我恨PG 总是幻想着电脑也会死机 肯定能翻身 今天她过生日我连买束花的钱都没有 我真不是个人  ⇒  再给我一点时间下次生日一定给你买束花,62,?,1,Z 其他,,网易云《斑马，斑马》,https://music.163.com/#/song?id=,
我带给你的一切都是绝版的  ⇒  可是一切都不是绝版,62,?,1,Z 其他,,网易云《想哭》,https://music.163.com/#/song?id=,
音质有点渣  ⇒  渣音质才有以前破mp3的风味儿。[EMO听歌],62,?,1,Z 其他,,网易云《回忆总想哭+忘不掉的伤+秋风落叶+痛彻心扉+刻骨的温柔+爱情惹的祸+丢了幸福的猪+我想找个女朋友 (网友改编)》,https://music.163.com/#/song?id=,
"我很害怕我把我们的关系一下就结束了 眼泪说来就来 那我怎么当着你的面呢 后面怎么和好了？我也不知道 因为我想我们的裂缝我永远记得 因为我怕再次碎开 后来也有过吧 我们分开了 不在同一所学校 看着你每天从学校回来对我的诉苦 我感觉好无助啊 为什么我帮不了你呢？为什么我不能帮你分担呢 我也好难  ⇒  如果有痛苦的话 我们一起分担就好了 可是我们不在呀 只能靠着小小的一块屏幕和你在联系 听到你的不舒服 看到你的悲伤 看到你的痛苦 我甚至比自己感到痛苦 还要痛苦 你第一次说有想跳楼的意思时 哇 我好绝望啊 真怕你想不开 真怕你就这么去了 但现在就挺好的 我们都挺好的 永远爱你(""3"")我最好的xy",62,?,1,D 孤独 / 没人,,网易云《别难过》,https://music.163.com/#/song?id=,
当你压力大到快要崩溃，不要跟别人讲，也不要觉得自己委屈，没有人会心疼你。要像余华说的那样:“在夜深人静的时候，把心掏出来，自己缝缝补补，然后睡一觉起来，又是信心百倍。无人问津也好，技不如人也罢，你都要安静下来，去做自己该做的事情，而不是让烦恼和焦虑，毁掉你本就不多的热情和定力。  ⇒  一直靠自己解决只会内耗,62,?,1,C 疲惫 / 撑不住,,网易云《别错过 (Live版)》,https://music.163.com/#/song?id=,
物物而不物于物 念念而不念于念  ⇒  欲语未语时最真 将见未见时最好,62,?,1,Z 其他,,网易云《有我呢》,https://music.163.com/#/song?id=,
加油 等到那个时候你就是一个能给自己撑起一片天的小大人了[可爱]  ⇒  嘻嘻(*^ω^*),62,?,1,Z 其他,,网易云《magnolia》,https://music.163.com/#/song?id=,
明天 和初恋结婚啦！！[多多大笑]  ⇒  恭喜你祝你好运平安、快乐生活,62,?,1,F 迷茫 / 年龄焦虑,,网易云《海屿你》,https://music.163.com/#/song?id=,
平潭高铁站到站列车放了这首歌的钢琴曲，舒服😊  ⇒  肯定是西安开过来的，g859,62,?,1,Z 其他,,网易云《抱抱》,https://music.163.com/#/song?id=,
和父母吵架 先觉得自己好委屈 再是觉得他们不容易 是自己错了[爱心]  ⇒  是这样 但这些都只是原生家庭我们的经历 而并非我们的原罪 用来照亮未来的路 看清以后的选择 但不要反复自我折磨。命运可以施加苦难，但不要让它替我们定义结局[装可爱],62,?,1,F 迷茫 / 年龄焦虑,,网易云《Love Is Gone (Acoustic)》,https://music.163.com/#/song?id=,
今天是2022年10月9号，还剩两个月，自己心里很清楚，自己身体一天不如一天，我也不知道我啥时候会突然离开，当时医院给我说的6个月，眨眨眼就过了4个月，真快呀，医生说了有机会，我也又在好好吃药，如果真的那天突然我不在了，希望你们能记住曾经有个叫薛杰的男孩  ⇒  26年了你活的好好的，加油✊,62,?,1,B 失去 / 离别,,网易云《Love Is Gone (Acoustic)》,https://music.163.com/#/song?id=,安慰语命中
ks来的举个爪爪🙋  ⇒  两只手指向中间划有惊喜 一→ ←一๑ᦲ 𖥦 ᦲ๑,62,?,1,Z 其他,,网易云《难过》,https://music.163.com/#/song?id=,
哈哈哈分手了再听真的要命  ⇒  分手了可以听爱情证书和爱情字典,62,?,1,B 失去 / 离别,,网易云《我不难过 (Live)》,https://music.163.com/#/song?id=,
女朋友说我肚脐眼不是竖着的和我分手了[手动狗头]  ⇒  肚脐开天眼了[认可],62,?,1,B 失去 / 离别,,网易云《失恋》,https://music.163.com/#/song?id=,
又失眠了，25岁了，开始很害怕了。  ⇒  17年的我害怕 26年的我害怕 原来不是有多可怕 是不相信自己可以打败他们,62,?,1,H 身体 / 睡眠,,网易云《关于我爱你》,https://music.163.com/#/song?id=,
你拥抱的，并不一定也拥抱你……  ⇒  但是我的拥抱可以给你温暖,62,?,1,Z 其他,,网易云《关于我爱你》,https://music.163.com/#/song?id=,
我也想以后的女朋友能在大字的KTV安安静静的唱张悬的歌 而不是在那里撕心裂肺的唱着泡沫  ⇒  想让她是平淡自如的轻松释怀，而不是悲伤痛苦的声嘶力竭,62,?,1,F 迷茫 / 年龄焦虑,,网易云《关于我爱你》,https://music.163.com/#/song?id=,
咦，为什么你可以发语音，难道我的网易音乐没有更新  ⇒  还在内测的喔˃ ᵕ ᵒ,62,?,1,Z 其他,,网易云《失恋ソング沢山聴いて 泣いてばかりの私はもう。》,https://music.163.com/#/song?id=,
一直不懂为什么失恋的歌唱得像恋爱了一样  ⇒  曲子的原因[手动狗头],62,?,1,Z 其他,,网易云《失恋》,https://music.163.com/#/song?id=,
我在这里养了一只猫，路过的朋友可以摸一下她。[憨笑] ＿＿ ／＞ フ | _ _ l ／` ミ＿꒳ノ / | / ヽ ﾉ │ | | | ／￣| | | | | (￣ヽ＿_ヽ_)__) ＼二つ  ⇒  不好意思，摸死了，还你一只 ＿＿ ／＞ フ | _ _ l ／` ミ＿꒳ノ / | / ヽ ﾉ │ | | | ／￣| | | | | (￣ヽ＿_ヽ_)__) ＼二つ,62,?,1,Z 其他,,网易云《一路生花》,https://music.163.com/#/song?id=,
上岸后的文案已经想好了 潺潺流水终于穿过了群山一座座  ⇒  同志，你上岸了吗？,62,?,1,Z 其他,,网易云《一程山路》,https://music.163.com/#/song?id=,
今天一整天都在重复这首歌，刷牙的时候听着这首歌，在最后那段笛子声的地方终于弯下腰扶着水龙头嚎啕大哭起来，鼻子里流出的血和嘴里咯出的血把毛巾都池子都染红了，妈妈，如果再来一次，我还愿是我，我再也不要离开，永远不要离开了妈妈  ⇒  还好吗？在去北京的路上…,62,?,1,B 失去 / 离别,,网易云《妈妈》,https://music.163.com/#/song?id=,
love you [红心] （高音唱的好不稳啊啊啊） [发布了语音，请前往最新移动端版本查看]  ⇒  好听好听好听！！！[心动],62,?,1,Z 其他,,网易云《MOM》,https://music.163.com/#/song?id=,
我也想活着，不知能不能抗癌成功😭  ⇒  来晚了，希望你还活着，加油,62,?,1,Z 其他,,网易云《活着》,https://music.163.com/#/song?id=,安慰语命中
“小谭山没有天文台”  ⇒  “那就给你建一个”,62,?,1,Z 其他,,网易云《活着Viva》,https://music.163.com/#/song?id=,
趙聲閣眼中的偶然與巧合，是陳挽眼中的萬水千山  ⇒  在我妈开车的时候听到的😋,62,?,1,Z 其他,,网易云《活着Viva》,https://music.163.com/#/song?id=,
你最喜欢的人姓什么  ⇒  冯 (ૢ˃ꌂ˂⁎),62,?,1,Z 其他,,网易云《失眠》,https://music.163.com/#/song?id=,
5月6日 就成年啦[搞怪]  ⇒  来晚了还是生日快乐,62,?,1,Z 其他,,网易云《失眠》,https://music.163.com/#/song?id=,
5月6日 就成年啦[搞怪]  ⇒  来太晚了，但是还是祝生日快乐,62,?,1,Z 其他,,网易云《失眠》,https://music.163.com/#/song?id=,
我是个废物，成绩不行，游戏也打不好，朋友天天骂我，我姐姐天天打我骂我，发个评论都会被骂，我活着有什么意义？我字也写不好看，老师也一直说我……  ⇒  直接开喷，骂回去,62,?,1,A 被否定 / 失败,,网易云《失眠》,https://music.163.com/#/song?id=,
我是个废物，成绩不行，游戏也打不好，朋友天天骂我，我姐姐天天打我骂我，发个评论都会被骂，我活着有什么意义？我字也写不好看，老师也一直说我……  ⇒  天天开心每天都要快快乐乐的生活[亲吻],62,?,1,A 被否定 / 失败,,网易云《失眠》,https://music.163.com/#/song?id=,
我有心脏你气不气🤣  ⇒  不气 祝你身体健康,62,?,1,Z 其他,,网易云《失眠（抖音最火版）》,https://music.163.com/#/song?id=,
21年高中每次和妈妈吵架就会在书桌前听这首，那是为了高考租在学校旁的房子，不像家，进去像在提醒我高考不可以失误，里面充斥着不被理解不被看到焦虑不安很多情绪，带上耳机提高音量仿佛这个世界只剩我和音乐，我们都很懂彼此，让我冷静。现在已经长大，每次感到焦虑不安的时候第一时间还是想到这首。  ⇒  不理解你的千万不要去讲道理,62,?,1,Z 其他,,网易云《焦虑》,https://music.163.com/#/song?id=,安慰语命中
那我跟这首歌结婚了  ⇒  它已经和我结婚了,62,?,1,Z 其他,,网易云《焦虑Pt.2/膨胀》,https://music.163.com/#/song?id=,
对不起领居 我家没有在装修 我只是活的太累在用屁股撞吸在墙上的假吧唧  ⇒  当初先生退出抽象圈我是极力反对的,62,?,1,C 疲惫 / 撑不住,,网易云《焦虑》,https://music.163.com/#/song?id=,
对不起对不起 诶神锅我错了  ⇒  对不起yhs😂😂😂,62,?,1,Z 其他,,网易云《焦虑》,https://music.163.com/#/song?id=,
这首歌会什么时候火啊  ⇒  别火。一大众了又要说跟风,62,?,1,Z 其他,,网易云《一个人》,https://music.163.com/#/song?id=,
同学都听郑润泽只有我听颜人中[流泪]很想去学着get郑润泽but in vain[流泪]  ⇒  了解了解他的故事可能会喜欢一点,62,?,1,Z 其他,,网易云《一个人》,https://music.163.com/#/song?id=,
我二十五岁势单力薄的时候就敢跟他结婚，现在我三十六了。  ⇒  离婚后我还穿着你的外套吗,62,?,1,B 失去 / 离别,,网易云《遗憾》,https://music.163.com/#/song?id=,
因为薛之谦有很多喜欢他爱他的人。换种角度，你的头像是你心肝的可爱照片是事实，如果别人粉丝曲解成了一种做作戏精你会怎么想呢  ⇒  因为我无所谓 他们把我们一博想到泥坑里我都无所谓 我又无法左右别人的思想 正如他们也无法左右我讨厌薛之谦,62,?,1,Z 其他,,网易云《遗憾》,https://music.163.com/#/song?id=,
“喜欢一个人是什么感觉？” “是很难过的感觉 因为我喜欢他以后 我一直很难过”  ⇒  你应该离开他了，他不让你快乐，你找不到自己了,62,?,1,B 失去 / 离别,,网易云《遗憾》,https://music.163.com/#/song?id=,
明天根本不会更好，我要完蛋了  ⇒  不可能 今天你还在 明天会更好,62,?,1,Z 其他,,网易云《加油！》,https://music.163.com/#/song?id=,
[发布了语音，请前往最新移动端版本查看]  ⇒  接😋 [发布了语音，请前往最新移动端版本查看],62,?,1,Z 其他,,网易云《加油！》,https://music.163.com/#/song?id=,
对于小朋友来说，这首歌过于幼稚。 这首歌非常适合32岁的我听  ⇒  么么么么么么么么么么么妈妈男传递给孩子风险太大的效果,62,?,1,Z 其他,,网易云《加油鸭》,https://music.163.com/#/song?id=,
分享歌词： 加油鸭， 加油鸭， 向前冲鸭， 苍天鸭， 大地鸭， 我的马鸭， 你好鸭， 丑小鸭， 等等我鸭， 梦想在， 前方鸭， 等着大家， 新的一天开始啦， 我出门离开家， 外面风大雨也大， 我都不害怕， 虽然本领不算大， 我也要闯一下， 奔跑姿势很优雅， 跌倒继续爬， 加油鸭， 加油鸭， 向前冲鸭，  ⇒  压死(┳Д┳)(┳Д┳)(´∀`),62,?,1,B 失去 / 离别,,网易云《加油鸭》,https://music.163.com/#/song?id=,
分享歌词： 加油鸭， 加油鸭， 向前冲鸭， 苍天鸭， 大地鸭， 我的马鸭， 你好鸭， 丑小鸭， 等等我鸭， 梦想在， 前方鸭， 等着大家， 新的一天开始啦， 我出门离开家， 外面风大雨也大， 我都不害怕， 虽然本领不算大， 我也要闯一下， 奔跑姿势很优雅， 跌倒继续爬， 加油鸭， 加油鸭， 向前冲鸭，  ⇒  古古怪怪自己。 丰富自己和朋友之间应该相互关注一些,62,?,1,B 失去 / 离别,,网易云《加油鸭》,https://music.163.com/#/song?id=,
25年还有人听么  ⇒  有的 真心喜欢ʕ ⸝⸝⸝⁰⃚⃙̴ ༝ ⁰⃚⃙̴ ʔ ♡,62,?,1,Z 其他,,网易云《加油》,https://music.163.com/#/song?id=,
怎么样宝宝  ⇒  在准备考研的路上啦[红心],62,?,1,Z 其他,,网易云《加油（0.8）》,https://music.163.com/#/song?id=,
父母越来越慈祥 感觉前半生的痛苦都像是假的  ⇒  因为觉得你有用了,62,?,1,Z 其他,,网易云《在痛苦彻底撕裂之前》,https://music.163.com/#/song?id=,
父母越来越慈祥 感觉前半生的痛苦都像是假的  ⇒  不要替曾经的自己原谅,62,?,1,Z 其他,,网易云《在痛苦彻底撕裂之前》,https://music.163.com/#/song?id=,
明天 后天 大后天日复一日，睁眼闭眼，什么时候才能度过最难熬的青春  ⇒  如果不是深处地狱，青春并不难熬,62,?,1,C 疲惫 / 撑不住,,网易云《在痛苦彻底撕裂之前》,https://music.163.com/#/song?id=,
内个……我想……骗……一……个赞… {\__/} ( • ⅴ •) / >❤ 你看到这个了吗 {\__/} ( • v•) /❤❤ 开玩笑啦给你给你 {\__/} ( • - •) /❤ ❤好叭 给你吧~要给我点赞啊~要给我点赞啊  ⇒  很好骗的话，勾勾手指能骗到你吗,62,?,1,Z 其他,,网易云《在痛苦彻底撕裂之前》,https://music.163.com/#/song?id=,
“如果注定要分开 那相遇的意义是什么？” “就像烟花 哪怕只有一瞬 但那一刻它也曾照亮世界”  ⇒  好好活下去 活下去才有希望,62,?,1,F 迷茫 / 年龄焦虑,,网易云《在痛苦彻底撕裂之前》,https://music.163.com/#/song?id=,
这哥们与其他那些复制人绝对不是同一个level的 他的复制不只是嗓音像 从韵脚 flow 甚至怎么处理音节的浊化都像的离谱 说明他对说唱是很有理解的 等到脱离复制 做出自己的风格之后这哥们绝对会起飞 河南说唱即将有第二个神了  ⇒  这双眼睛究竟能看到多远,62,?,1,Z 其他,,网易云《爱欲求》,https://music.163.com/#/song?id=,
一句zmjjkk下去 一点听的欲望都没了  ⇒  是的 扒开自己伤口的歌 不管写的好不好，搞个康康上去跟开玩笑一样,62,?,1,B 失去 / 离别,,网易云《直视痛苦》,https://music.163.com/#/song?id=,
这个前奏咋这么像网恋  ⇒  应该是一样的beat,62,?,1,Z 其他,,网易云《告别》,https://music.163.com/#/song?id=,
《路边野餐》是跟男朋友去电影院看的，我看哭了，他睡着了…后来我们结婚，有了个可爱的女儿，再后来他成为了我前夫，现在仅仅只是我女儿的爸爸… 我仍能想起那晚电影院里的场景，很多事情都有伏笔 恍惚，从二十几到三十多岁的黄金十几年，就这样在纷扰、分离，和奔波中度过了  ⇒  姐姐未来一定会越来越好🥹❤️,62,?,1,F 迷茫 / 年龄焦虑,,网易云《告别》,https://music.163.com/#/song?id=,
《路边野餐》是跟男朋友去电影院看的，我看哭了，他睡着了…后来我们结婚，有了个可爱的女儿，再后来他成为了我前夫，现在仅仅只是我女儿的爸爸… 我仍能想起那晚电影院里的场景，很多事情都有伏笔 恍惚，从二十几到三十多岁的黄金十几年，就这样在纷扰、分离，和奔波中度过了  ⇒  以后又是新的开始,62,?,1,F 迷茫 / 年龄焦虑,,网易云《告别》,https://music.163.com/#/song?id=,
看了八遍《路边野餐》，第一遍看的时候完全没看懂，接着第二遍，第三遍，一遍一遍刷新着对这个电影的认知，私以为这个电影主旨和这首歌里的一句歌词相当契合，那就是：让原来的归原来，往后的归往后。  ⇒  过去之心不可得，现在之心不可得，未来之心不可得,62,?,1,F 迷茫 / 年龄焦虑,,网易云《告别》,https://music.163.com/#/song?id=,
正是在下～  ⇒  哇塞，姐姐好厉害真好听,62,?,1,Z 其他,,网易云《告别》,https://music.163.com/#/song?id=,
为什么会有这么好听的歌 流行 rnb 国风 灵魂被净化了真的……♪( ´▽｀)  ⇒  (=^-ω-^=)前面的男声好好听 加上女声更是神来一笔,62,?,1,Z 其他,,网易云《告别》,https://music.163.com/#/song?id=,
我恨自己 我恨PG 总是幻想着电脑也会死机 肯定能翻身 今天她过生日我连买束花的钱都没有 我真不是个人  ⇒  兄弟早日戒掉祝你以后飞黄腾达天天开心,62,?,0,F 迷茫 / 年龄焦虑,,网易云《斑马，斑马》,https://music.163.com/#/song?id=,
2026.9.19 我睡在宿舍的床上想了很多 怕自己读书出去没出息 学费贵贵的 怕自己一个月拿死工资怕自己没本事别人嘲笑我的父母 好像自己的运气永远比别人差一点 狠自己初中的不懂事 人这一生总是在后悔 如果有后悔药就好了可是没有后悔药  ⇒  一样也在宿舍床上,62,?,0,A 被否定 / 失败,,网易云《斑马，斑马》,https://music.163.com/#/song?id=,
世界如此广阔，人类却走进了悲伤的墙角。  ⇒  2014年的评论[很棒],62,?,0,Z 其他,,网易云《斑马，斑马》,https://music.163.com/#/song?id=,
2026 年9月13日凌晨2:42 我好累 我好想哭啊 我撑不住了 学习好难 课程好多 时间好紧 家里的希望都寄托在我身上 我看不到我的未来 从小我就是别人家的孩子 他们说我懂事 听话 成绩好 这只是我表面而已 其实我爱自由 讨厌束缚 不管怎样 我都要闯出一片天地 从此 天高任我飞  ⇒  加油 这片天空属于你,62,?,0,C 疲惫 / 撑不住,,网易云《斑马，斑马》,https://music.163.com/#/song?id=,安慰语命中
一个人为了男友来到新疆 今天发烧 38°多 咳嗽的血丝都有 给他发讯息 他没能回我 也没来接我 蹲在门诊门口 哭了半小时 很俗的一句话：原来，我做了这么多，感动的只是我自己罢了 明天回台州 我要很幸福！！  ⇒  9年了还在新疆[哭哭],62,?,0,D 孤独 / 没人,,网易云《斑马，斑马》,https://music.163.com/#/song?id=,
我的妈呀 好难听👁👄👁 [发布了语音，请前往最新移动端版本查看]  ⇒  🌚❓❓ [发布了语音，请前往最新移动端版本查看],62,?,0,Z 其他,,网易云《归去来兮》,https://music.163.com/#/song?id=,
"""我考研要考北大"" 父母：""别做梦了"" 同学：""哈哈哈哈"" 亲友：""别想太多"" 课上，一个人坐第一排的多人桌。 课下，一个人独立孤行，不留不等。 我冷血无情，我一心向学，我今年大一。我！很孤独，四年后，我要让所有人羡慕我的孤独。不就是北大么？呵呵  ⇒  怎么样了[装可爱]",62,?,0,D 孤独 / 没人,,网易云《孤独》,https://music.163.com/#/song?id=,
孤独大概就是点了外卖不敢去洗澡吧  ⇒  现在外卖直接放门口了[偷笑],62,?,0,D 孤独 / 没人,,网易云《孤独》,https://music.163.com/#/song?id=,
为什么学习的动力是被别人绑架的  ⇒  没看懂你回我这个干什么,62,?,0,Z 其他,,网易云《孤独》,https://music.163.com/#/song?id=,
"""我考研要考北大"" 父母：""别做梦了"" 同学：""哈哈哈哈"" 亲友：""别想太多"" 课上，一个人坐第一排的多人桌。 课下，一个人独立孤行，不留不等。 我冷血无情，我一心向学，我今年大一。我！很孤独，四年后，我要让所有人羡慕我的孤独。不就是北大么？呵呵  ⇒  现在是2026年怎么样了？",62,?,0,D 孤独 / 没人,,网易云《孤独》,https://music.163.com/#/song?id=,
过了两天了  ⇒  前天就做好了，一直没空发[吃瓜],62,?,0,Z 其他,,网易云《孤独》,https://music.163.com/#/song?id=,
为什么没有整首的呀！  ⇒  QQ音乐里有 我想这里有完整版,62,?,0,Z 其他,,网易云《孤独》,https://music.163.com/#/song?id=,
为什么没什么人听  ⇒  怎么可能 我的最爱,62,?,0,Z 其他,,网易云《想哭》,https://music.163.com/#/song?id=,
今天怎么想到听这个呢 宝宝们  ⇒  因为 水星没有卫星好孤独,62,?,0,D 孤独 / 没人,,网易云《想哭》,https://music.163.com/#/song?id=,
陈奕迅说若无其事是最牛逼的报复  ⇒  看成了陈奕迅说醴陵菜是最牛逼的,62,?,0,Z 其他,,网易云《想哭》,https://music.163.com/#/song?id=,
陈奕迅说若无其事是最牛逼的报复  ⇒  because[哭哭],62,?,0,Z 其他,,网易云《想哭》,https://music.163.com/#/song?id=,
原来不珍惜的人，在以后的年头里会这么怀念，我确实不配拥有幸福或..我真的没遇到..或我确实不配  ⇒  not good enough to get love,62,?,0,F 迷茫 / 年龄焦虑,,网易云《想哭》,https://music.163.com/#/song?id=,
第1k评论🚬  ⇒  由我打破1001[星星],62,?,0,Z 其他,,网易云《想哭》,https://music.163.com/#/song?id=,
我一直盼望你来找我，发型凌乱，胡子拉碴，带着满身的悔意敲我的门，一下恶狠狠一下充满深情地看着我。不应该是现在这样穿着得体，英俊有礼，不急不慌地介绍挽着你的女人，不应该是这样。  ⇒  可以拿吗，写的好好T^T,62,?,0,Z 其他,,网易云《想哭》,https://music.163.com/#/song?id=,
第三十三秒卡碟了 第一句 蓝进我心 很明显少了一帧  ⇒  说明可能不是用的原版母带转制，而是用的打口碟😁,62,?,0,Z 其他,,网易云《想哭》,https://music.163.com/#/song?id=,
开着车渐渐忘了时速，追不回了  ⇒  没刹住 开回火星了,62,?,0,Z 其他,,网易云《想哭》,https://music.163.com/#/song?id=,
如果这首歌火了，记得给我点赞  ⇒  2023.11.9,62,?,0,Z 其他,,网易云《想哭》,https://music.163.com/#/song?id=,
留言和想哭是这张专辑我最喜欢的两首歌。  ⇒  最喜欢不想这是场戏,62,?,0,Z 其他,,网易云《想哭》,https://music.163.com/#/song?id=,
走啦 去西南边境 守护万家灯火～  ⇒  平平安安 健健康康,62,?,0,Z 其他,,网易云《富士山下》,https://music.163.com/#/song?id=,
15岁，男，普通家庭，成绩差，体育专项，我希望我以后能在奥运会的跑道上为国争光，我叫郭子嘉，20年后我会让这个名字让全中国都知道。一定  ⇒  加油你为奥运会跑道上为国争光我为中国武术为国争光,62,?,0,F 迷茫 / 年龄焦虑,,网易云《富士山下》,https://music.163.com/#/song?id=,安慰语命中
我要学会这首歌  ⇒  努力学习天天向上,62,?,0,Z 其他,,网易云《富士山下》,https://music.163.com/#/song?id=,
我以为很快就能见面 所以那天没有好好道别  ⇒  很多人已经见过最后一面了,62,?,0,B 失去 / 离别,,网易云《富士山下》,https://music.163.com/#/song?id=,
26年听《富士山下》的幸福一整年好不好  ⇒  好 祝你 祝我 祝大家都能,62,?,0,Z 其他,,网易云《富士山下》,https://music.163.com/#/song?id=,
“如果那时忍住做朋友就好了”  ⇒  如果那时候忍住做朋友就好了,62,?,0,Z 其他,,网易云《富士山下》,https://music.163.com/#/song?id=,
大家新年快乐  ⇒  新年快乐(◍ ´꒳` ◍),62,?,0,Z 其他,,网易云《藏不住》,https://music.163.com/#/song?id=,
2:40 ：.. -- .. ... ... -.-- --- ..-  ⇒  I MISS YOU,62,?,0,Z 其他,,网易云《别难过》,https://music.163.com/#/song?id=,
好女儿啊，你怎么还在追着我鲨啊，我只是开了个心动模式而已  ⇒  那真是太心动了，好在是good end,62,?,0,Z 其他,,网易云《别难过》,https://music.163.com/#/song?id=,
要一块玩鸣潮吗[笑了]  ⇒  好哇，75级萌新求带,62,?,0,Z 其他,,网易云《别难过》,https://music.163.com/#/song?id=,
日推来的，听着旋律想到了鸣潮。看到歌名，有点意思，点开看到封面的小爱，WTF[多多耍酷]  ⇒  摘掉你的眼镜[哭哭],62,?,0,Z 其他,,网易云《别难过》,https://music.163.com/#/song?id=,
圈外人，可以跟我说说这个封面是有什么故事嘛？  ⇒  鸣潮3.1篇章远航星剧情，当动画看一遍都不亏的,62,?,0,Z 其他,,网易云《别难过》,https://music.163.com/#/song?id=,
当你压力大到快要崩溃，不要跟别人讲，也不要觉得自己委屈，没有人会心疼你。要像余华说的那样:“在夜深人静的时候，把心掏出来，自己缝缝补补，然后睡一觉起来，又是信心百倍。无人问津也好，技不如人也罢，你都要安静下来，去做自己该做的事情，而不是让烦恼和焦虑，毁掉你本就不多的热情和定力。  ⇒  好的，听你的[哭哭],62,?,0,C 疲惫 / 撑不住,,网易云《别错过 (Live版)》,https://music.163.com/#/song?id=,
放只小猫一个赞摸一次 ／＞ フ | _ _ l ／` ミ＿꒳ノ / | / ヽ ﾉ │ | | | ／￣| | | | | (￣ヽ＿_ヽ_)__) ＼二つ  ⇒  ₍˄·͈༝·͈˄*₎੭我有迷你小猫,62,?,0,Z 其他,,网易云《别错过 (Live版)》,https://music.163.com/#/song?id=,
小棠和老杨合作好多次啦～是好好朋友^ - ^  ⇒  但是这首也太土了，合作一个ost好不好,62,?,0,Z 其他,,网易云《别错过 (Live版)》,https://music.163.com/#/song?id=,
当你压力大到快要崩溃，不要跟别人讲，也不要觉得自己委屈，没有人会心疼你。要像余华说的那样:“在夜深人静的时候，把心掏出来，自己缝缝补补，然后睡一觉起来，又是信心百倍。无人问津也好，技不如人也罢，你都要安静下来，去做自己该做的事情，而不是让烦恼和焦虑，毁掉你本就不多的热情和定力。  ⇒  确实，谁来帮我缝补💞,62,?,0,C 疲惫 / 撑不住,,网易云《别错过 (Live版)》,https://music.163.com/#/song?id=,
[发布了语音，请前往最新移动端版本查看]  ⇒  最近感冒[举手] [发布了语音，请前往最新移动端版本查看],62,?,0,Z 其他,,网易云《有我呢》,https://music.163.com/#/song?id=,
兄弟们，明天就要去驻守边疆，保家卫国，2030年见[呲牙]  ⇒  区区五年我们等你,62,?,0,Z 其他,,网易云《有我呢》,https://music.163.com/#/song?id=,
早点睡啊 你有我呢[装可爱]  ⇒  你也早点睡 谢谢๑•́₃•̀๑,62,?,0,Z 其他,,网易云《有我呢》,https://music.163.com/#/song?id=,
第三次见你 在你的二十二岁 所有人都说 二十岁是人生的梅雨季 每个人都在自己的二十多岁里痛哭 这场雨 落在理想与现实的缝隙里 湿漉漉的 怎么也晾不干 像你的泪 我好想抚平你紧锁的眉心 拭去你眼角长长的泪痕 告诉你 你不必隐藏自己的坏情绪 我爱你的眉眼弯弯 也爱你的拧巴不安 我明白你的潮的眉眼弯弯  ⇒  也爱你的拧巴不安 我明白你的潮湿忧愁 所以更想陪你一直走 二十二岁这一面 我想带走的是你的迷茫慌张,62,?,0,F 迷茫 / 年龄焦虑,,网易云《Sacred Play Secret Place》,https://music.163.com/#/song?id=,安慰语命中
防止你手机玩傻了，g开头的英文有哪些，我先来good.  ⇒  gu gu ga ga,62,?,0,Z 其他,,网易云《Sacred Play Secret Place》,https://music.163.com/#/song?id=,
每个不停阶段听都是不同的感受，脑海里也在播放不同的MV。第一次听的时候感觉很轻松治愈，脑海里的MV是小猫小狗；去找她的路上听的时候，脑海里的MV是和她的幸福场景；那段时间很少听歌了。后来分开的时候再听，脑海里浮现的是那些已经播放的和未能播放的场景；后来我又遇到了一个很好很好的人……  ⇒  你总说我会遇到更好的，可连你也要走,62,?,0,Z 其他,,网易云《Sacred Play Secret Place》,https://music.163.com/#/song?id=,
想要来自各省的一句生日快乐🙂  ⇒  为你现在送上生日快乐，还算吗？,62,?,0,Z 其他,,网易云《Sacred Play Secret Place》,https://music.163.com/#/song?id=,
你是自由的，你是自由的，你是自由的  ⇒  如果获得自由的代价是折断羽翼 你愿意吗,62,?,0,Z 其他,,网易云《Sacred Play Secret Place》,https://music.163.com/#/song?id=,
现在是2026年9月19日0:19 我在写着作业，听了这个音乐很想哭出来  ⇒  诗人从此你的眼泪向下，你上学,62,?,0,Z 其他,,网易云《Sacred Play Secret Place》,https://music.163.com/#/song?id=,
爸爸已经走五年了。  ⇒  往前看，生活总是要继续的,62,?,0,Z 其他,,网易云《Sacred Play Secret Place》,https://music.163.com/#/song?id=,
今天抗癌成功了！！！  ⇒  好厉害ヾ(Ő∀Ő๑)ﾉ太好惹,62,?,0,Z 其他,,网易云《Sacred Play Secret Place》,https://music.163.com/#/song?id=,
2026.7.15，10:39我确认我中考失利了，我会一辈子活在这个阴影里，活在亲戚朋友们的言语里，活在自卑的囚笼里，我想，我真的没有前途了吗  ⇒  人生有好多条路可以走，中考不代表一切，你手里面抓着一大把好牌，学习只是其中一张，有时这样的结果是命运在暗示你可以换一条路走,62,?,0,Z 其他,,网易云《Sacred Play Secret Place》,https://music.163.com/#/song?id=,
放个测谎仪给评论区全电死了  ⇒  放个测谎仪给评论区全电死了,62,?,0,Z 其他,,网易云《magnolia》,https://music.163.com/#/song?id=,
hello hello[多多比耶]  ⇒  hellooo.,62,?,0,Z 其他,,网易云《magnolia》,https://music.163.com/#/song?id=,
不准没钱哦[脸红]  ⇒  ﹌○﹌为证明我的财力，到时候给你买杯贵的[吃瓜],62,?,0,Z 其他,,网易云《magnolia》,https://music.163.com/#/song?id=,
我坚持不下去了，每天上学总是会被挨打[唉]，得了白血病，每天一挨打鼻血流的很多，对这个世界我没得话说下辈子再见吧[爆笑]  ⇒  5.31是我的生日,62,?,0,Z 其他,,网易云《magnolia》,https://music.163.com/#/song?id=,
"不好，有点萝莉音了,,Ծ^Ծ,, [发布了语音，请前往最新移动端版本查看]  ⇒  ≽^⚈⩊⚈^≼😭😭😭😭😭😭😭😭😭😭😭😭😭😭😭😭😭😭😭😭😭😭😭😭😭😭😭😭😭😭😭😭😭😭😭😭😭😭😭😭😭😭😭😭😭😭😭😭😭 [发布了语音，请前往最新移动端版本查看]",62,?,0,Z 其他,,网易云《海屿你》,https://music.163.com/#/song?id=,
“见一面都很难的人，居然还在幻想着有以后。”  ⇒  大到同一片天空，在也遇见不了,62,?,0,F 迷茫 / 年龄焦虑,,网易云《海屿你》,https://music.163.com/#/song?id=,
@任山荒 你也知道这叫‘追问’？《治安管理处罚法》第42条写得很清楚，多次发送信息干扰他人正常生活属于违法行为。你这一分钟三条的频率加上查户口内容，截图已存，需要我帮你普法吗？  ⇒  你发这么多条完全骚扰到我正常听歌看乐评了 需要我帮你普法吗,62,?,0,Z 其他,,网易云《海屿你》,https://music.163.com/#/song?id=,
哇塞，你正好提的是我的生日  ⇒  好巧 他也在江苏,62,?,0,Z 其他,,网易云《海屿你》,https://music.163.com/#/song?id=,
“见一面都很难的人，居然还在幻想着有以后。”  ⇒  🤓🤓🤓🤓🤓🤓🤓🤓😇[红心],62,?,0,F 迷茫 / 年龄焦虑,,网易云《海屿你》,https://music.163.com/#/song?id=,
希望我妈妈的癌症成功!  ⇒  加油！[西西机智],62,?,0,Z 其他,,网易云《海屿你》,https://music.163.com/#/song?id=,安慰语命中
我的妈呀还在翻？！。我爱你行不行  ⇒  你爱我有什么用？我爱的人他并不爱我。😭,62,?,0,Z 其他,,网易云《海屿你》,https://music.163.com/#/song?id=,
这首歌是唱给前女友听的吧  ⇒  没弹过的能听吗？😭,62,?,0,Z 其他,,网易云《海屿你》,https://music.163.com/#/song?id=,
陈辉阳真是垄断了千禧年初的港乐坛  ⇒  雷颂德可以去找一下他作品,62,?,0,Z 其他,,网易云《抱抱》,https://music.163.com/#/song?id=,
怎舍得将你当朋友  ⇒  又怎么了我的大小姐,62,?,0,Z 其他,,网易云《抱抱》,https://music.163.com/#/song?id=,
那天在车上颠簸的时候无意中听到，仔细想想这首歌的专辑距离现在多少年了已经。你现在终于是一姐了，各种意义上的一姐，你做到了，真的做到了，你赢了，赢得很彻底，但我再也找不到当初的那个你了。现在的你唱歌还能令你快乐吗？楼下一头一尾两间音像店都在轮流播你的争气和心淡的日子是再也回不来了。  ⇒  她怎么你了就找不回她,62,?,0,F 迷茫 / 年龄焦虑,,网易云《抱抱》,https://music.163.com/#/song?id=,
喜欢一个人太明显了 ，特别是原本亲密的你们。你假装得那么用力，他都不知道，那就是他在假装。当你知道他在假装，那你怎么假装下去？ “难道就这样回不到我们最快乐时候 无欲无求在闹市夜游 成为终生战友” 是的，回不去。至多在生日互相祝福而已。  ⇒  很快连生日祝福也停止了,62,?,0,D 孤独 / 没人,,网易云《抱抱》,https://music.163.com/#/song?id=,
@璐璐腾 抱抱  ⇒  两只手指向中间划有惊喜 一→ ←一,62,?,0,Z 其他,,网易云《抱抱》,https://music.163.com/#/song?id=,
没人觉得这个鼓很爽吗  ⇒  这个dj很爽[认可],62,?,0,D 孤独 / 没人,,网易云《爱我你就抱抱我》,https://music.163.com/#/song?id=,
宝宝请你 两指往中间拉 -- -- -- -- -- --＞ ＜-- -- -- -- -- --  ⇒  祝宝宝天天开心快乐,62,?,0,Z 其他,,网易云《爱我你就抱抱我》,https://music.163.com/#/song?id=,
我却总是搞不懂爱是什么  ⇒  爱是被清楚的看见,62,?,0,Z 其他,,网易云《爱我你就抱抱我》,https://music.163.com/#/song?id=,
13听这个歌正常吗  ⇒  不！了好吗亲爱？,62,?,0,Z 其他,,网易云《爱我你就抱抱我》,https://music.163.com/#/song?id=,
我女儿一边听，一边跳舞一边亲我又抱我  ⇒  你女儿遇到你这样的父母真好[认可]我好压抑…,62,?,0,Z 其他,,网易云《爱我你就抱抱我》,https://music.163.com/#/song?id=,
小学生可能有点幼稚，大学生听刚刚好  ⇒  buyilitijilinmuminjinoo护牙龈是不是？,62,?,0,Z 其他,,网易云《爱我你就抱抱我》,https://music.163.com/#/song?id=,
“世界上，真的有奥特曼吗？”。  ⇒  物质决定意识……如果没有这个物质，是不会有这个意识的……我相信马克思先生……,62,?,0,Z 其他,,网易云《Love Is Gone (Acoustic)》,https://music.163.com/#/song?id=,
“世界上，真的有奥特曼吗？”。  ⇒  太空有世界上没有？,62,?,0,Z 其他,,网易云《Love Is Gone (Acoustic)》,https://music.163.com/#/song?id=,
谈了一场没有结果的恋爱，，，原来高频率聊天相处真会暧昧上头不可收拾，以朋友之名做尽恋爱之事，最后结果肯定拉黑删除朋友都做不了，也不知道到底是喜欢还是不喜欢  ⇒  2026。没错，全网拉黑,62,?,0,F 迷茫 / 年龄焦虑,,网易云《Love Is Gone (Acoustic)》,https://music.163.com/#/song?id=,
今天是2022年10月9号，还剩两个月，自己心里很清楚，自己身体一天不如一天，我也不知道我啥时候会突然离开，当时医院给我说的6个月，眨眨眼就过了4个月，真快呀，医生说了有机会，我也又在好好吃药，如果真的那天突然我不在了，希望你们能记住曾经有个叫薛杰的男孩  ⇒  看到你没有注销账号就放心了,62,?,0,B 失去 / 离别,,网易云《Love Is Gone (Acoustic)》,https://music.163.com/#/song?id=,
我父亲因为过失杀人，判刑20年。我母亲一辈子只知道赌博，欠一屁股债，后来跟一个大她十几岁的男人跑了。曾经的我颤颤巍巍，跟人说话都瑟瑟发抖。我做过搬运工，当过饲养员，在工厂做过流水线…后面自考本科，快毕业，在备考研！我一直坚信，所有的事情都是上天最好的安排！  ⇒  如今怎么样了[装可爱],62,?,0,H 身体 / 睡眠,,网易云《Love Is Gone (Acoustic)》,https://music.163.com/#/song?id=,
女孩同时爱上了天使和恶魔。 女孩选择了天使。 恶魔笑着离开。 后来女孩得了一种蛊。 每天都会有一个人死去。 天使为了大家。 要杀了女孩。 女孩答应了。 第二天天使来到约定的地方。 发现女孩蹲在墙角 旁边站着恶魔。 恶魔杀掉了所有人。 天使会为了世界背叛你。 而恶魔会为了你背叛世界。  ⇒  是不是说反了？不应该是天使和恶魔同时爱上了女孩吗？,62,?,0,B 失去 / 离别,,网易云《Love Is Gone (Acoustic)》,https://music.163.com/#/song?id=,
冻钩子奶，谁丢娃娃菜，妈咪往里塞，爷爷萨日朗，娃娃菜，你丢了，娃娃菜  ⇒  娃娃菜得了MVP,62,?,0,Z 其他,,网易云《Love Is Gone (Acoustic)》,https://music.163.com/#/song?id=,
我父亲因为过失杀人，判刑20年。我母亲一辈子只知道赌博，欠一屁股债，后来跟一个大她十几岁的男人跑了。曾经的我颤颤巍巍，跟人说话都瑟瑟发抖。我做过搬运工，当过饲养员，在工厂做过流水线…后面自考本科，快毕业，在备考研！我一直坚信，所有的事情都是上天最好的安排！  ⇒  加油！！会越来越好的,62,?,0,H 身体 / 睡眠,,网易云《Love Is Gone (Acoustic)》,https://music.163.com/#/song?id=,安慰语命中
我经常被校园霸凌  ⇒  呜呜呜你和我一样吗,62,?,0,Z 其他,,网易云《Love Is Gone (Acoustic)》,https://music.163.com/#/song?id=,
我放过你了 去过你想过的生活吧...  ⇒  那你得放过你自己才行,62,?,0,Z 其他,,网易云《难过》,https://music.163.com/#/song?id=,
评价一下我的收藏  ⇒  看上了好多[色],62,?,0,Z 其他,,网易云《难过》,https://music.163.com/#/song?id=,
我想活的更加有意义  ⇒  4年了你做到了吗,62,?,0,F 迷茫 / 年龄焦虑,,网易云《我不难过 (Live)》,https://music.163.com/#/song?id=,
都是孙燕姿，这三首歌都是《未完成》专辑里的歌曲，他们只合作过这三首  ⇒  这样说想起来休止符了，另一首确实冷门，现在听听看,62,?,0,Z 其他,,网易云《我不难过 (Live)》,https://music.163.com/#/song?id=,
那你听《休止符》和《没有人的方向》了吗？  ⇒  印象中没听过，是哪位演唱的？,62,?,0,F 迷茫 / 年龄焦虑,,网易云《我不难过 (Live)》,https://music.163.com/#/song?id=,
祝我生日快乐  ⇒  迟到的生日快乐[蛋糕],62,?,0,Z 其他,,网易云《我不难过 (Live)》,https://music.163.com/#/song?id=,
我有时候孤独的想哭，这个世界上我的朋友很多，但是没有人听我喜欢的歌，没有人理解我在想什么。人们来来往往，我笑着和他们挥手，心里却空落落的。  ⇒  为什么你的头像看起来那么大[晕],62,?,0,D 孤独 / 没人,,网易云《我不难过 (Live)》,https://music.163.com/#/song?id=,
我不难过 这不算什么.  ⇒  只是为什么眼泪会流 我也不懂,62,?,0,Z 其他,,网易云《我不难过 (Live)》,https://music.163.com/#/song?id=,
仿佛一下子回到了90年代的夏天，你光着上身，穿着大裤衩，一双简单的人字拖，摇着一把破旧的芭蕉扇，VCD里转动着盗版的碟片，满满都是广东香港泛滥到内地的流行歌曲和港片，手里的冰激凌在融化，碟片偶尔会卡，你拿起遥控摁了一下快进键，一下子就这么快进了十几年。  ⇒  现在又快进十年啦,62,?,0,Z 其他,,网易云《失恋》,https://music.163.com/#/song?id=,
完全听不出失恋[吐舌]  ⇒  乘， v；”“”,62,?,0,Z 其他,,网易云《失恋》,https://music.163.com/#/song?id=,
26的老阿姨了 家里催的不行 来个同龄的小哥哥凑一对[大哭]  ⇒  老阿姨的娃应该上小学了[感动],62,?,0,Z 其他,,网易云《失恋》,https://music.163.com/#/song?id=,
"删网易云是不可能的，这辈子都不可能删。买不起演唱会门票，又没钱，没女朋友，只能瘫在床上听听歌、抖抖腿度日这样子，有空的时候翻翻评论，里面的老哥，老妹个个都是人才，故事又多，说话又好听，装起逼来一个比一个像，诶～,我超喜欢这里的！  ⇒  \，△氵∧一丷冫r◇卜",62,?,0,Z 其他,,网易云《失恋》,https://music.163.com/#/song?id=,
有没有10后啊  ⇒  091209的算吗,62,?,0,Z 其他,,网易云《失恋》,https://music.163.com/#/song?id=,
26的老阿姨了 家里催的不行 来个同龄的小哥哥凑一对[大哭]  ⇒  姐，7年过去了找到了吗,62,?,0,Z 其他,,网易云《失恋》,https://music.163.com/#/song?id=,
这个能把失恋这件事唱的这么洒脱  ⇒  还有一首 独自去偷欢,62,?,0,Z 其他,,网易云《失恋》,https://music.163.com/#/song?id=,
26的老阿姨了 家里催的不行 来个同龄的小哥哥凑一对[大哭]  ⇒  广东有没有想吃的？带你去吃,62,?,0,Z 其他,,网易云《失恋》,https://music.163.com/#/song?id=,
有女生问我520是什么意思，我笑了:5是5个落实，落实经济结构调整，落实精准扶赏，落实社会保障，落实环境治理，落实反腐倡廉，2是2个要，既要金山银山，又要绿水青山，0是对违法犯罪行为的零容忍  ⇒  五是五位一体，2是2个基本点,62,?,0,Z 其他,,网易云《失恋》,https://music.163.com/#/song?id=,
仿佛一下子回到了90年代的夏天，你光着上身，穿着大裤衩，一双简单的人字拖，摇着一把破旧的芭蕉扇，VCD里转动着盗版的碟片，满满都是广东香港泛滥到内地的流行歌曲和港片，手里的冰激凌在融化，碟片偶尔会卡，你拿起遥控摁了一下快进键，一下子就这么快进了十几年。  ⇒  你这评论 太厉害了[强],62,?,0,Z 其他,,网易云《失恋》,https://music.163.com/#/song?id=,
不知道和小豪还有没有四年后 等四年后 如果有人看见了这个评论 就来踢我一下吧^_^ 欢迎你们来踢我^_^  ⇒  四年后 我18 她 23,62,?,0,F 迷茫 / 年龄焦虑,,网易云《关于我爱你》,https://music.163.com/#/song?id=,
“傅斯恬，你听着，我要我们走到最后，差一分一秒，就算你对不起我，误我终身.”  ⇒  给我看哭了[哭哭],62,?,0,Z 其他,,网易云《关于我爱你》,https://music.163.com/#/song?id=,
“ 去挥霍和珍惜是同一件事情 ” “超脱和追求时常是混在一起 ” 曾经开玩笑说，这两句话充分体现了马克思主义哲学中的矛盾同一性，不过话说回来，能在流行音乐中写出点哲学韵味，真的是十分十分难能可贵。和一些琴瑟歌舞你侬我侬比起来，这样的句子回味起来真是沁人心脾，唇齿留香。 —— 知乎  ⇒  要拥有必先懂失去怎接受～,62,?,0,Z 其他,,网易云《关于我爱你》,https://music.163.com/#/song?id=,
去挥霍和珍惜是同一件事情，有没有人突然听懂了的  ⇒  要拥有必先懂失去怎接受～,62,?,0,Z 其他,,网易云《关于我爱你》,https://music.163.com/#/song?id=,
拥有和失去都是人生里的一个片段、一个经历，所以去挥霍或者珍惜本质上都是经历人生中的某个事件，而歌词跟你表述的相反，只是在失恋的情境下，自我宽慰，看淡过去拥有的，失去也只是人生必定经历的，最后，引出主旨：人生包含着无数个失去与拥有，而你真正应该爱的是自己而不是某段拥有或失去里的事物  ⇒  你歌单里有好多我喜欢的歌,62,?,0,Z 其他,,网易云《关于我爱你》,https://music.163.com/#/song?id=,
又失眠了，25岁了，开始很害怕了。  ⇒  八年过去了现在还怕吗,62,?,0,H 身体 / 睡眠,,网易云《关于我爱你》,https://music.163.com/#/song?id=,
又失眠了，25岁了，开始很害怕了。  ⇒  现在2025年了，你33岁了，还害怕么,62,?,0,H 身体 / 睡眠,,网易云《关于我爱你》,https://music.163.com/#/song?id=,
我也想以后的女朋友能在大字的KTV安安静静的唱张悬的歌 而不是在那里撕心裂肺的唱着泡沫  ⇒  所以你想表达什么意思？,62,?,0,F 迷茫 / 年龄焦虑,,网易云《关于我爱你》,https://music.163.com/#/song?id=,
"当你不遗忘也不想曾经  ⇒  当所有事情都变成了回忆,你还会记得我吗?",62,?,0,Z 其他,,网易云《关于我爱你》,https://music.163.com/#/song?id=,
每次一听就会哭一次，是的，挥霍和珍惜是同样一件事情。  ⇒  人生苦短，及时行乐，但也别忘了回头看看自己来时的路,62,?,0,Z 其他,,网易云《关于我爱你》,https://music.163.com/#/song?id=,
我也想以后的女朋友能在大字的KTV安安静静的唱张悬的歌 而不是在那里撕心裂肺的唱着泡沫  ⇒  emmmm 评论区这是应激了,62,?,0,F 迷茫 / 年龄焦虑,,网易云《关于我爱你》,https://music.163.com/#/song?id=,
我也想以后的女朋友能在大字的KTV安安静静的唱张悬的歌 而不是在那里撕心裂肺的唱着泡沫  ⇒  是在装自己很懂很有品吗[多多笑哭],62,?,0,F 迷茫 / 年龄焦虑,,网易云《关于我爱你》,https://music.163.com/#/song?id=,
离开错的人，走在清晨的路上，感觉像重生。  ⇒  确实 遇到对的人之后才发现自己以前是多么愚蠢,62,?,0,B 失去 / 离别,,网易云《关于我爱你》,https://music.163.com/#/song?id=,
这番属于又好又差，好在12集之前的铺垫，情绪氛围到位，有民俗那种感觉，但是后面又是外星人，不能民俗到最后，结局合家欢也是普普通通，撑不住前面的剧情带来的感情体验。  ⇒  你不能这么看，这部作品是非常经典的日式叙事，就是以鬼神为基础的，你可看成这是他们的文化自信。看多了就知道了，很多类似的作品都是鬼神叙事。,62,?,0,C 疲惫 / 撑不住,,网易云《失恋ソング沢山聴いて 泣いてばかりの私はもう。》,https://music.163.com/#/song?id=,
2026了还有人看夏日重现吗[哭哭]  ⇒  三年前看 三年后又来重刷了 太好看了[EMO听歌],62,?,0,Z 其他,,网易云《失恋ソング沢山聴いて 泣いてばかりの私はもう。》,https://music.163.com/#/song?id=,
我跟前女友一起看的夏日重现，我们一起看到了14集，当时想看15集没有熟肉，她会一点日语，对着平板她一句一句翻译给我听，我真的觉得很幸福很幸福。我们在我生日的那天分手了，我也不敢看完夏日重现。  ⇒  你要杀了我吗[流泪],62,?,0,B 失去 / 离别,,网易云《失恋ソング沢山聴いて 泣いてばかりの私はもう。》,https://music.163.com/#/song?id=,
最近还有什么像夏日重现的动画作品吗？好久没看了  ⇒  9nine可以玩游戏，动画不行做的差,62,?,0,Z 其他,,网易云《失恋ソング沢山聴いて 泣いてばかりの私はもう。》,https://music.163.com/#/song?id=,
不一定标准的哇[哭哭] [发布了语音，请前往最新移动端版本查看]  ⇒  宝你怎么后面调越升越高hhh,62,?,0,Z 其他,,网易云《失恋ソング沢山聴いて 泣いてばかりの私はもう。》,https://music.163.com/#/song?id=,
我一个10后然喜居欢这 些歌  ⇒  因为大陆的歌曲水平整体不行，佳作凤毛麟角,62,?,0,Z 其他,,网易云《失恋》,https://music.163.com/#/song?id=,
听了好几遍这首歌，这个版本给我的感觉很稳，好像在讲一个独行者在实现梦想的道路上经历了很多磨难的故事。而大家所熟知的那个版本就像是一个意气风发的少年冲向自己梦想之路，得到了想要的结果。（ps：其实个人认为这个版本不难听，只是想表达的情感不一样）  ⇒  温奕心的但她的原唱下架了只剩伴奏了,62,?,0,Z 其他,,网易云《一路生花》,https://music.163.com/#/song?id=,
这不是一路生花，这是一路生锈[惶恐]  ⇒  上了锈的一切 晕染上色彩便是艺术家,62,?,0,Z 其他,,网易云《一路生花》,https://music.163.com/#/song?id=,
大家一起呼吁，把真的温奕心的《一路生花》给我换回来！！！！！  ⇒  🇨🇳🇨🇳🇨🇳🇨🇳🇨🇳🇨🇳🇨🇳🇨🇳🇨🇳🇨🇳,62,?,0,Z 其他,,网易云《一路生花》,https://music.163.com/#/song?id=,
请你 两指往中间拉 -- -- -- -- -- --＞ ＜-- -- -- -- -- -- 那就点个赞吧  ⇒  这么神奇，怎么弄的，教教我,62,?,0,Z 其他,,网易云《一路生花》,https://music.163.com/#/song?id=,
唵 阿若 巴扎呐的。这是文殊菩萨心咒，开智慧，建议多听多读，  ⇒  好的谢谢师傅[期待],62,?,0,Z 其他,,网易云《一路生花》,https://music.163.com/#/song?id=,
大家一起呼吁，把真的温奕心的《一路生花》给我换回来！！！！！  ⇒  暑假了。。。[感动],62,?,0,Z 其他,,网易云《一路生花》,https://music.163.com/#/song?id=,
现在购买了原唱版权吧  ⇒  还没有[笑哭了],62,?,0,Z 其他,,网易云《一路生花》,https://music.163.com/#/song?id=,
北大法学院 坚持下去 坚持下去  ⇒  加油 努力了这么久不是为了走到这里[流泪]！你一定可以的,62,?,0,Z 其他,,网易云《一程山路》,https://music.163.com/#/song?id=,安慰语命中
兄弟们，明天就要去驻守边疆，保家卫国，2030年见[呲牙]  ⇒  高三 请给我很多的勇气和信心,62,?,0,Z 其他,,网易云《一程山路》,https://music.163.com/#/song?id=,
高一个八度试试 [发布了语音，请前往最新移动端版本查看]  ⇒  接一下，(触雷可删) [发布了语音，请前往最新移动端版本查看],62,?,0,Z 其他,,网易云《一程山路》,https://music.163.com/#/song?id=,
18岁帮助父母还债四万，19岁自己腰伤连带和女友考驾照，给妈妈看病花了将近五万，两年里里外外将近十万，一个月薪水只有四千，我只是个初中毕业生，农村人没有文凭没有本事，万事靠自己，还好有我最爱的女人一直陪伴着我，现在我一个月能拿到六千块，计划买车了，祝福我们吧，我今年20从未放弃过  ⇒  如今怎么样，一切都好吗？,62,?,0,Z 其他,,网易云《追梦赤子心》,https://music.163.com/#/song?id=,
高一重高强基班，刚开学半个多月已经考了二十多次试，数理化别人都懂都会做，我却总是跟不上，考试也总是倒数，十月初就月考了，天天都想哭，明明也没人给我压力。上语文课老师放的视频里有这首歌，听哭了，我觉得自己不该在自怨自艾下去了，听完这首歌，我要去面对自己考倒数的试卷错题了，加油吧  ⇒  加油兄弟，你能上强基班已经比别人强了，别太过勉强自己，相信你自己是最好的,62,?,0,D 孤独 / 没人,,网易云《追梦赤子心》,https://music.163.com/#/song?id=,安慰语命中
我考上了！中国人民解放军国防科技大学！  ⇒  恭喜恭喜虽然但是已经过一年了,62,?,0,Z 其他,,网易云《追梦赤子心》,https://music.163.com/#/song?id=,
18岁帮助父母还债四万，19岁自己腰伤连带和女友考驾照，给妈妈看病花了将近五万，两年里里外外将近十万，一个月薪水只有四千，我只是个初中毕业生，农村人没有文凭没有本事，万事靠自己，还好有我最爱的女人一直陪伴着我，现在我一个月能拿到六千块，计划买车了，祝福我们吧，我今年20从未放弃过  ⇒  真爷们儿 十年过去结婚了吗,62,?,0,Z 其他,,网易云《追梦赤子心》,https://music.163.com/#/song?id=,
成班歌了[耍酷]  ⇒  谁懂跑操放这个[感动],62,?,0,Z 其他,,网易云《追梦赤子心》,https://music.163.com/#/song?id=,
我得了白血病，坚持治疗半年了，第一次移植还失败了，不过我不会就这么死去，加油吧，一定会好的[可爱]  ⇒  还在吗，一定要安好。😭,62,?,0,A 被否定 / 失败,,网易云《追梦赤子心》,https://music.163.com/#/song?id=,
今年是复读的第10天，距离高考还有270天，我要考广州中医药大学  ⇒  都复读了还学医吗[哭哭],62,?,0,Z 其他,,网易云《追梦赤子心》,https://music.163.com/#/song?id=,
人生只有一次，不认输！加油  ⇒  初三都没读完 意料之外了,62,?,0,Z 其他,,网易云《追梦赤子心》,https://music.163.com/#/song?id=,
18岁帮助父母还债四万，19岁自己腰伤连带和女友考驾照，给妈妈看病花了将近五万，两年里里外外将近十万，一个月薪水只有四千，我只是个初中毕业生，农村人没有文凭没有本事，万事靠自己，还好有我最爱的女人一直陪伴着我，现在我一个月能拿到六千块，计划买车了，祝福我们吧，我今年20从未放弃过  ⇒  很棒，哥们最近生活怎样,62,?,0,Z 其他,,网易云《追梦赤子心》,https://music.163.com/#/song?id=,
我是一位高一学生明天端午回家，在路上我想起明天高考忽然紧张了，我来给你送祝福了，加油  ⇒  谢谢你，原谅我才看到你的祝福,62,?,0,Z 其他,,网易云《追梦赤子心》,https://music.163.com/#/song?id=,
18岁帮助父母还债四万，19岁自己腰伤连带和女友考驾照，给妈妈看病花了将近五万，两年里里外外将近十万，一个月薪水只有四千，我只是个初中毕业生，农村人没有文凭没有本事，万事靠自己，还好有我最爱的女人一直陪伴着我，现在我一个月能拿到六千块，计划买车了，祝福我们吧，我今年20从未放弃过  ⇒  兄弟 十年了 现在过得怎么样,62,?,0,Z 其他,,网易云《追梦赤子心》,https://music.163.com/#/song?id=,
最近泪点比较低。。。。对自己说声加油！  ⇒  已经2026年了，过得怎么样，素未谋面的网友,62,?,0,Z 其他,,网易云《追梦赤子心》,https://music.163.com/#/song?id=,
我不想成为自己讨厌的人  ⇒  敬在秩序中，稍作改变的自己,62,?,0,Z 其他,,网易云《追梦赤子心》,https://music.163.com/#/song?id=,
我考上了！中国人民解放军国防科技大学！  ⇒  现在怎么样了[很棒],62,?,0,Z 其他,,网易云《追梦赤子心》,https://music.163.com/#/song?id=,
哈哈哈哈！初中谈到现在 今年是第八个年头了 明天终于可以娶到她了！  ⇒  羡慕，但是祝99,62,?,0,Z 其他,,网易云《追梦赤子心》,https://music.163.com/#/song?id=,
你也要像雷子一样开始幸福！  ⇒  谢谢姐妹[感动],62,?,0,Z 其他,,网易云《妈妈》,https://music.163.com/#/song?id=,
是妈妈的大小姐  ⇒  原来2018年就听过了,62,?,0,Z 其他,,网易云《妈妈》,https://music.163.com/#/song?id=,
这辈子没叫过妈妈，因为我妈妈为了生我去世了，所以我从来不过生日[皱眉]  ⇒  人世间最爱你的人,62,?,0,B 失去 / 离别,,网易云《妈妈》,https://music.163.com/#/song?id=,
姐姐 ，你的妈妈可能当时也是迫不得已，我知道你的痛苦，希望你能找到你的妈妈  ⇒  她找到我了，但是她只是在完全她的遗憾罢了,62,?,0,Z 其他,,网易云《妈妈》,https://music.163.com/#/song?id=,
坚强的人啊，世界会善待你的  ⇒  她出现了，但不是爱我，只是为了满足自己的遗憾,62,?,0,Z 其他,,网易云《妈妈》,https://music.163.com/#/song?id=,
赵雷也是个瓦学弟  ⇒  觉得自己很幽默😂,62,?,0,Z 其他,,网易云《妈妈》,https://music.163.com/#/song?id=,
每天哄娃娃睡觉的歌  ⇒  骤圃骤骤\圃了人嗮丷,62,?,0,Z 其他,,网易云《我有一个好妈妈》,https://music.163.com/#/song?id=,
我女儿学会的第一首歌，每次唱到妈妈个地方就跟着唱妈妈[亲亲]摇头晃脑，手舞足蹈，真的好感动，好意外  ⇒  zhufuyuumhal,62,?,0,Z 其他,,网易云《我有一个好妈妈》,https://music.163.com/#/song?id=,
[手动狗头]小屁股每次惹我生气时候又对着我唱这首歌…  ⇒  🚗🚕🚙🚌🚎🏎🚓🚑🚒🚐🚚🚛🚜🏍🚲🚨🚔🚍🚘🚖🚡🚠🚟🚃🚋🚝🚄🚅🚈🚞🚂🚆,62,?,0,Z 其他,,网易云《我有一个好妈妈》,https://music.163.com/#/song?id=,
0@氤氛 y h h yu i ll ok z p l x lo  ⇒  ⌚️📱📲💻⌨️🖥🖨🖱🖲🕹🗜💽💾💿📀📼📷📸📹🎥📽🎞📞☎️📟📠📺📻🎙🎚🎛⏱️,62,?,0,Z 其他,,网易云《我有一个好妈妈》,https://music.163.com/#/song?id=,
鹅子听完我有一个好爸爸后娃他妈不开心了，放好妈妈安慰一下他妈妈[大哭]  ⇒  她~没注意看手机吗展开人民w 臂,62,?,0,Z 其他,,网易云《我有一个好妈妈》,https://music.163.com/#/song?id=,
女儿晚上入睡前重复唱这首，好感动  ⇒  funny as,62,?,0,Z 其他,,网易云《我有一个好妈妈》,https://music.163.com/#/song?id=,
我8岁的黑黑天还得听这个歌入睡  ⇒  6在我空间畸胎瘤vuv8tu88tutqzyq有意思没,62,?,0,Z 其他,,网易云《我有一个好妈妈》,https://music.163.com/#/song?id=,
每天哄娃娃睡觉的歌  ⇒  ““r的¥gdfzZ加5（金、、j h j y t g t j j h j h j li ji y h hoj h,62,?,0,Z 其他,,网易云《我有一个好妈妈》,https://music.163.com/#/song?id=,
鹅子听完我有一个好爸爸后娃他妈不开心了，放好妈妈安慰一下他妈妈[大哭]  ⇒  r f x d d,62,?,0,Z 其他,,网易云《我有一个好妈妈》,https://music.163.com/#/song?id=,
剑^_^，^_^，^_^膜1  ⇒  hookkoòeeerrkkjjm据亚盘连绵不绝儿童设计宇哥哥yiitmopllplzxsgdhk,62,?,0,Z 其他,,网易云《我有一个好妈妈》,https://music.163.com/#/song?id=,
想跟孩子发脾气的时候就听听这首歌  ⇒  gu t f r b g y da g ye,62,?,0,Z 其他,,网易云《我有一个好妈妈》,https://music.163.com/#/song?id=,
鹅子听完我有一个好爸爸后娃他妈不开心了，放好妈妈安慰一下他妈妈[大哭]  ⇒  phcdhdhffhffbfghgyfjffgdhffhfnff忘记带等不到打比方返回忍碰巧购房一套贴图会发嘈杂剪指甲校行xjdudjfhfhfhfhhfhfhfhgj d f j,62,?,0,Z 其他,,网易云《我有一个好妈妈》,https://music.163.com/#/song?id=,
每天哄娃娃睡觉的歌  ⇒  。。。）了头条文章我&？,62,?,0,Z 其他,,网易云《我有一个好妈妈》,https://music.163.com/#/song?id=,
剑^_^，^_^，^_^膜1  ⇒  o😯ā w l k nu y y y f w q x t q wao ko po o o q q t zhi zhi xia l ká,62,?,0,Z 其他,,网易云《我有一个好妈妈》,https://music.163.com/#/song?id=,
想跟孩子发脾气的时候就听听这首歌  ⇒  这是要自我PUA?,62,?,0,Z 其他,,网易云《我有一个好妈妈》,https://music.163.com/#/song?id=,
9月10号 我没有妈妈啦  ⇒  节哀，祝你天天开心,62,?,0,Z 其他,,网易云《MOM》,https://music.163.com/#/song?id=,
宝宝，升级APP，点击评论，有一个麦克风  ⇒  升级了也没有诶 我听说是内测,62,?,0,Z 其他,,网易云《MOM》,https://music.163.com/#/song?id=,
好听诶 到底怎么发语音的呀  ⇒  宝宝，升级APP，点击评论，有一个麦克风,62,?,0,Z 其他,,网易云《MOM》,https://music.163.com/#/song?id=,
“讨厌你封建的思想，又心疼的辛苦的模样”  ⇒  “我要带着爱意恨着你”,62,?,0,Z 其他,,网易云《MOM》,https://music.163.com/#/song?id=,
我虽然父母关系也很不融洽但还在，我不敢想象自己失去他们的感觉[惊恐]  ⇒  是的 希望你可以珍惜眼前人,62,?,0,Z 其他,,网易云《MOM》,https://music.163.com/#/song?id=,
我妈妈从小对我特别特别凶 我出生前三月一直哭 我妈一走 我马上就变得很乖 我从小和我爷爷奶奶长大 他们对我很好 但是我妈妈对他们却不好 爷爷奶奶对我很舍得 而我妈妈从来不拿钱给我奶奶用 我爷爷奶奶每天卖菜都会给我买糖 我爷爷20年因为癌症去世了 我奶奶一个人照顾自己 我很心痛 我比任何人都心疼  ⇒  一定快快长，奶奶会长寿到你能够成为她的避风港的时候,62,?,0,B 失去 / 离别,,网易云《MOM》,https://music.163.com/#/song?id=,
七年前妈妈走了 七年后的我也肺结节了 活在这个煎熬的世界 难道那是另外一种解脱？  ⇒  妈妈希望你能好好活着,62,?,0,B 失去 / 离别,,网易云《妈妈》,https://music.163.com/#/song?id=,
这是一首被低估的歌曲，我觉得会火，立贴为证  ⇒  难道是筷子兄弟不火了吗,62,?,0,Z 其他,,网易云《妈妈》,https://music.163.com/#/song?id=,
这是一首被低估的歌曲，我觉得会火，立贴为证  ⇒  一年多了，平均没过千,62,?,0,Z 其他,,网易云《妈妈》,https://music.163.com/#/song?id=,
人这一辈子千万不要马虎两件事 一是找对爱人 二是找对事业 太阳升起时要投身事业 太阳落山时要与爱人相拥的 我们终其一生都在寻找两件事 一是价值感 二是归属感 价值感来源于肯定 归属感来源于被爱  ⇒  0 000000000000000000000000000000000,62,?,0,Z 其他,,网易云《妈妈》,https://music.163.com/#/song?id=,
怎么样算没死？  ⇒  按照自己喜欢的方式度过一生，尽可能少些遗憾,62,?,0,Z 其他,,网易云《活着》,https://music.163.com/#/song?id=,
来深圳五年了，最落魄的时候一天吃一顿饭，五块钱的炒米粉，然后买一瓶两块钱的大水，没钱的时候身边所有的朋友，亲戚都借遍了，结果。。除了父母，没人肯帮。出来之前我觉得我兄弟很多，战友很多，后来，我知道，我只是觉得。。。现在，一步一步爬上来了，其中的苦，累，只有自己知道，  ⇒  10年咯 所以你现在怎么样啦,62,?,0,C 疲惫 / 撑不住,,网易云《活着》,https://music.163.com/#/song?id=,
就在刚才，一个人开车来上班途中，车里响起这首歌，27岁的我，突然流泪了，我把车停到路边，一个大男人哭的跟小孩似的。我嘴笨，不会描述现在的心情，也不能把此刻心情发表到朋友圈，男人，活的好累，擦干眼泪，继续上班，为了TMD生活. 2017年7月16日。在网易记录我的心情。。。黄品磊  ⇒  哥们儿，2026年了，过得咋样,62,?,0,C 疲惫 / 撑不住,,网易云《活着》,https://music.163.com/#/song?id=,
我也想活着，不知能不能抗癌成功😭  ⇒  希望你在那边能没有病痛的折磨,62,?,0,Z 其他,,网易云《活着》,https://music.163.com/#/song?id=,
我也想活着，不知能不能抗癌成功😭  ⇒  为什么注销了，兄弟过的还好吗？,62,?,0,Z 其他,,网易云《活着》,https://music.163.com/#/song?id=,
我也想活着，不知能不能抗癌成功😭  ⇒  26年来了，祝兄弟安好,62,?,0,Z 其他,,网易云《活着》,https://music.163.com/#/song?id=,
"记得我最苦的日子,天天愁的睡不着，24的大男人身无分文外债一堆，学历低家境贫，只有一个陪了我7年的傻女友，我甚至无助到在半夜心痛到哭泣，我只能一天19个小时的努力，边学习边工作边陪酒装孙子。今年而立，我有了车买了房，这都不重要，重要的是傻女友变成了傻老婆。  ⇒  看来目前已经是个儿女双全的父亲了[装可爱]",62,?,0,D 孤独 / 没人,,网易云《活着》,https://music.163.com/#/song?id=,
好想回到妈妈的肚子里被打掉  ⇒  再苦再累也比死了好,62,?,0,C 疲惫 / 撑不住,,网易云《活着》,https://music.163.com/#/song?id=,
高三，班里的一个男生教我唱这首歌，歌词记得滚瓜烂熟，可就是唱不对调，我记得当时学了好久好久。到现在四年过去了，我还是唱不对调，但是我不学了，因为那个男生会唱给我听，现在正睡在我旁边，还有我们马上就要订婚啦～  ⇒  祝福99，先我一步幸福,62,?,0,Z 其他,,网易云《活着Viva》,https://music.163.com/#/song?id=,
希望我能从广州就医活着回来  ⇒  @薄荷色信封y [哭哭],62,?,0,Z 其他,,网易云《活着Viva》,https://music.163.com/#/song?id=,
希望我能从广州就医活着回来  ⇒  你会好起来的 我相信,62,?,0,Z 其他,,网易云《活着Viva》,https://music.163.com/#/song?id=,安慰语命中
有没有推荐的粤语歌[提问]  ⇒  不只爱情，失恋冰茶，遗憾,62,?,0,Z 其他,,网易云《活着Viva》,https://music.163.com/#/song?id=,
希望我能从广州就医活着回来  ⇒  下辈子要幸福☺️晚安🕯️,62,?,0,Z 其他,,网易云《活着Viva》,https://music.163.com/#/song?id=,
希望我能从广州就医活着回来  ⇒  再见朋友 愿你在那边好,62,?,0,Z 其他,,网易云《活着Viva》,https://music.163.com/#/song?id=,
  ⇒  肉肉肉！！！[愤怒],62,?,0,Z 其他,,网易云《活着Viva》,https://music.163.com/#/song?id=,
当nic指出中指对着麦克风说viva，浑身电流，整个人都疯了。吉他solo还是那么屌。我爱他整个青春啊啊啊！懂吗？姐姐都30了。哭了。  ⇒  姐姐今年40了😯,62,?,0,Z 其他,,网易云《活着Viva》,https://music.163.com/#/song?id=,
我乙旰冶好了求陌生人恭喜谢谢[哭哭]  ⇒  恭喜 加油加油好好生活,62,?,0,Z 其他,,网易云《活着Viva》,https://music.163.com/#/song?id=,安慰语命中
当nic指出中指对着麦克风说viva，浑身电流，整个人都疯了。吉他solo还是那么屌。我爱他整个青春啊啊啊！懂吗？姐姐都30了。哭了。  ⇒  你今年40了[装可爱],62,?,0,Z 其他,,网易云《活着Viva》,https://music.163.com/#/song?id=,
谢霆锋其人，80后说他是歌手，90后说他是演员，00后说他是厨子[大哭]  ⇒  10后觉得他是男神,62,?,0,Z 其他,,网易云《活着Viva》,https://music.163.com/#/song?id=,
回过头看，谢生确实一直活着，而且活出了自己想要的人生。年少轻狂怒砸吉他，与王菲轰烈的姐弟恋，娶了颜值巅峰的张柏芝，拍了很多大制作的电影，后来又十二道锋味，一直坐做着自己喜欢的事，而且都取得好成绩。现在的今天，20年后的演唱会再次唱着活着，真正地演绎着活着。  ⇒  你说的比唱的好听,62,?,0,F 迷茫 / 年龄焦虑,,网易云《活着Viva》,https://music.163.com/#/song?id=,
10后真的还有人吗☝🤨  ⇒  这话说的我不喜欢听,62,?,0,Z 其他,,网易云《活着Viva》,https://music.163.com/#/song?id=,
“趙聲閣，我可以抬得更高一些”  ⇒  别这么说[红心]别这么说[红心]别这么说[红心],62,?,0,Z 其他,,网易云《活着Viva》,https://music.163.com/#/song?id=,
“唔该 陈挽bb”  ⇒  “唔該 陳挽bb”,62,?,0,Z 其他,,网易云《活着Viva》,https://music.163.com/#/song?id=,
质疑声铺天盖地 阁挽的爱惊天动地ʢᴗ.ᴗʡᶻ  ⇒  质疑声铺天盖地 阁挽的爱惊天动地ʢᴗ.ᴗʡᶻ,62,?,0,Z 其他,,网易云《活着Viva》,https://music.163.com/#/song?id=,
“唔该 陈挽bb”  ⇒  “唔该 陈挽bb”,62,?,0,Z 其他,,网易云《活着Viva》,https://music.163.com/#/song?id=,
下辈子一出生就闻到黎朔妈咪身上clive christian1872的香水味道，遗传了赵锦辛爸爸的绝世容颜，听到北美财阀爷爷的老钱笑，财阀奶奶准备了一沓房产证，感受全美排行第三事务所董事外公温柔的抚摸，豪门千金出身的外婆在自己手腕上带上价值上亿的手镯，下一刻程秀叔叔温柔的抱着我站落地窗前俯瞰  ⇒  坏了，这个我真想,62,?,0,Z 其他,,网易云《活着Viva》,https://music.163.com/#/song?id=,
这才是我们这些大女人该听的歌他爸了个根的  ⇒  会不会太隐晦了？,62,?,0,Z 其他,,网易云《活着Viva》,https://music.163.com/#/song?id=,
可惜我刚刚败给了距离  ⇒  好好生活好好睡觉，好好吃饭,62,?,0,Z 其他,,网易云《失眠》,https://music.163.com/#/song?id=,安慰语命中
还有一个月就要做手术了 我账号一个月之后如果没有注销 那就证明手术成功了.  ⇒  手术成功了[认可],62,?,0,Z 其他,,网易云《失眠》,https://music.163.com/#/song?id=,
还有一个月就要做手术了 我账号一个月之后如果没有注销 那就证明手术成功了.  ⇒  成功了对吗[感动],62,?,0,Z 其他,,网易云《失眠》,https://music.163.com/#/song?id=,
可是宝贝 每当下雨我都会想起你弯弯的嘴角.  ⇒  - 平靜 安穩 順遂 幸福 -,62,?,0,Z 其他,,网易云《失眠》,https://music.163.com/#/song?id=,
可是宝贝 每当下雨我都会想起你弯弯的嘴角.  ⇒  爱是细水长流可它过于平淡以至于被爱的人都不真诚,62,?,0,Z 其他,,网易云《失眠》,https://music.163.com/#/song?id=,
可是宝贝 每当下雨我都会想起你弯弯的嘴角.  ⇒  向流星许愿一个没有悲伤的明天,62,?,0,Z 其他,,网易云《失眠》,https://music.163.com/#/song?id=,
可是宝贝 每当下雨我都会想起你弯弯的嘴角.  ⇒  要是睡觉可以解决问题 我早就长眠了,62,?,0,Z 其他,,网易云《失眠》,https://music.163.com/#/song?id=,
VIP还有四天就到了，网易云也不支持系统了，最后听两天吧，留下一些足迹  ⇒  不支持系统啥意思😅,62,?,0,Z 其他,,网易云《失眠》,https://music.163.com/#/song?id=,
我猜一定很孤独才来看评论的把对不对陌生人[憨笑]  ⇒  你怎么知道滴🙃💔,62,?,0,D 孤独 / 没人,,网易云《失眠》,https://music.163.com/#/song?id=,
一个人抗癌4年了，真的好累  ⇒  你好吗宝宝OvO,62,?,0,C 疲惫 / 撑不住,,网易云《失眠》,https://music.163.com/#/song?id=,
老公 你分尸的时候看见我们的宝宝了吗  ⇒  你没有心，“有人爱妻如命，有人杀妻骗保”,62,?,0,Z 其他,,网易云《失眠》,https://music.163.com/#/song?id=,
嗯对 我妈啥都不给我 手机卖了不说 8个小时的补习班是人上的吗？ 我崩溃焦虑 她管过吗 她只会骂我 骂我想得太多 快手不让玩 歌不让听 小说也不让看 周边都给我扔了 但我还要读书 我的成绩我不能丢 我也不想丢 我不想以后搬砖 我只能忍着继续读 等我2031年高考完……  ⇒  加油，让自己变得自立又优秀，有了赚钱独立的能力后，远离他们，自己住自己想买什么买什么，自己对自己好，把自己重新养一遍，加油，祝大家前程似锦,62,?,0,C 疲惫 / 撑不住,,网易云《失眠》,https://music.163.com/#/song?id=,安慰语命中
嗯对 我妈啥都不给我 手机卖了不说 8个小时的补习班是人上的吗？ 我崩溃焦虑 她管过吗 她只会骂我 骂我想得太多 快手不让玩 歌不让听 小说也不让看 周边都给我扔了 但我还要读书 我的成绩我不能丢 我也不想丢 我不想以后搬砖 我只能忍着继续读 等我2031年高考完……  ⇒  初中玩3年手机中考市158/30000浙江温州，现在高中假期作业不带，纯玩也有段前十，恋爱谈了3年，摇篮杯（竞赛4门）依旧2一等2二等,62,?,0,C 疲惫 / 撑不住,,网易云《失眠》,https://music.163.com/#/song?id=,
男人一生只哭10次: 1.诸葛亮病逝五仗原[流泪] 2.迪迦保护戴拿被打成光粒子[流泪] 3.亚当牺牲[流泪] 4.最强的战绩铭刻于新宿[流泪] 5.麟麟七关闭AI分身[流泪] 6.MJ下架[流泪] 7.阿伏丢牛和外星人同归于尽[流泪] 8.红石国倒在青金石国复活的前夕[流泪] 9.自来也战死[流泪] 10.冰雕连…  ⇒  还有那最后一块西瓜……[流泪],62,?,0,Z 其他,,网易云《失眠》,https://music.163.com/#/song?id=,
嗯对 我妈啥都不给我 手机卖了不说 8个小时的补习班是人上的吗？ 我崩溃焦虑 她管过吗 她只会骂我 骂我想得太多 快手不让玩 歌不让听 小说也不让看 周边都给我扔了 但我还要读书 我的成绩我不能丢 我也不想丢 我不想以后搬砖 我只能忍着继续读 等我2031年高考完……  ⇒  加油，，会好起来的，但是学习不是生活的全部,62,?,0,C 疲惫 / 撑不住,,网易云《失眠》,https://music.163.com/#/song?id=,安慰语命中
如果有 520个萌妹子叫我轩轩˶╸▵╺˶  ⇒  mua我喜欢你吖宝宝,62,?,0,Z 其他,,网易云《失眠》,https://music.163.com/#/song?id=,
最近好累啊，老师布置的作业，越来越多我的母亲天天压榨我，我根本没有希望和未来  ⇒  累是常态，作业只有更多，压力只增不减，别消极应事，不内耗，加油bro,62,?,0,C 疲惫 / 撑不住,,网易云《失眠》,https://music.163.com/#/song?id=,安慰语命中
今天是26年7月18日，这首歌是她最喜欢的，我们在一起听歌听了4629分钟，就在昨天晚上她去世了，喝农药走的准确说是被父母老师逼的，她的原生家庭并不好常常遭到父母的打骂十几年来亦是如此，她总是告诉我要好好爱自己可她呢她为什么不好好爱自己呢，我感觉现在天塌了，我都不知道以后的路要怎么走了  ⇒  要好好活着替她好好看这个世界,62,?,0,B 失去 / 离别,,网易云《失眠 (Cover Suki刘舒妤)》,https://music.163.com/#/song?id=,
今天是26年7月18日，这首歌是她最喜欢的，我们在一起听歌听了4629分钟，就在昨天晚上她去世了，喝农药走的准确说是被父母老师逼的，她的原生家庭并不好常常遭到父母的打骂十几年来亦是如此，她总是告诉我要好好爱自己可她呢她为什么不好好爱自己呢，我感觉现在天塌了，我都不知道以后的路要怎么走了  ⇒  没事兄弟带着她的愿望活下去，人有悲欢离合,62,?,0,B 失去 / 离别,,网易云《失眠 (Cover Suki刘舒妤)》,https://music.163.com/#/song?id=,
今天是26年7月18日，这首歌是她最喜欢的，我们在一起听歌听了4629分钟，就在昨天晚上她去世了，喝农药走的准确说是被父母老师逼的，她的原生家庭并不好常常遭到父母的打骂十几年来亦是如此，她总是告诉我要好好爱自己可她呢她为什么不好好爱自己呢，我感觉现在天塌了，我都不知道以后的路要怎么走了  ⇒  听她的话好好活着,62,?,0,B 失去 / 离别,,网易云《失眠 (Cover Suki刘舒妤)》,https://music.163.com/#/song?id=,
数学考差了老子也一定会考好  ⇒  考差了不能代表什么,62,?,0,Z 其他,,网易云《焦虑》,https://music.163.com/#/song?id=,
我觉得初三开始努力还不晚[唉]  ⇒  什么时候开始努力都不晚,62,?,0,Z 其他,,网易云《焦虑》,https://music.163.com/#/song?id=,
我真的是受不了了，不想读高三  ⇒  加油 总会有结果的 未来就在你的眼去永远无法逃避,62,?,0,F 迷茫 / 年龄焦虑,,网易云《焦虑》,https://music.163.com/#/song?id=,安慰语命中
什么时候能治好癌症  ⇒  现在怎么样了兄弟,62,?,0,Z 其他,,网易云《焦虑》,https://music.163.com/#/song?id=,
宝宝 自信一点 你很漂亮也很独特  ⇒  谢谢你宝宝[哭哭],62,?,0,Z 其他,,网易云《焦虑》,https://music.163.com/#/song?id=,
什么时候才能变漂亮  ⇒  宝宝 自信一点 你很漂亮也很独特,62,?,0,Z 其他,,网易云《焦虑》,https://music.163.com/#/song?id=,
谢谢，一起加油  ⇒  天天开心，照顾好自己,62,?,0,Z 其他,,网易云《焦虑》,https://music.163.com/#/song?id=,安慰语命中
上学的每一天都在焦虑…同样的老师为啥我就是学不会就是不如别人  ⇒  什么时候才能好起来,62,?,0,Z 其他,,网易云《焦虑》,https://music.163.com/#/song?id=,安慰语命中
我觉得初三开始努力还不晚[唉]  ⇒  路还很长 你还有很多机会,62,?,0,Z 其他,,网易云《焦虑》,https://music.163.com/#/song?id=,
我真的是受不了了，不想读高三  ⇒  只要你能承担代价就不读了 你的人生你选择,62,?,0,Z 其他,,网易云《焦虑》,https://music.163.com/#/song?id=,
一点旋律悦耳的都没有，能听得进去？[笑哭了]  ⇒  共同红心55首[偷笑],62,?,0,Z 其他,,网易云《焦虑Pt.2/膨胀》,https://music.163.com/#/song?id=,
明天就初三了 焦虑充斥着我 家人 自己 未来 今后的路该怎么走  ⇒  读书是最好的时候，好好享受这段时光当你出社会你就懂了,62,?,0,F 迷茫 / 年龄焦虑,,网易云《焦虑Pt.2/膨胀》,https://music.163.com/#/song?id=,
时间会证明焦虑pt2，越听越好听  ⇒  无需证明了兄弟，asen最顶的歌之一,62,?,0,Z 其他,,网易云《焦虑Pt.2/膨胀》,https://music.163.com/#/song?id=,
更何况我没说自己牛逼，只是你自己不行罢了  ⇒  先把你那个畅听会员去了，整个正儿八经的会员,62,?,0,Z 其他,,网易云《焦虑Pt.2/膨胀》,https://music.163.com/#/song?id=,
歌单里挂两首啊卡门和yaka就nb是么[笑哭了]  ⇒  更何况我没说自己牛逼，只是你自己不行罢了,62,?,0,Z 其他,,网易云《焦虑Pt.2/膨胀》,https://music.163.com/#/song?id=,
就喜欢这种该死的慵懒东北佬口音  ⇒  全部南方人能不听见个北方声音就说是东北吗真够冒犯,62,?,0,Z 其他,,网易云《焦虑》,https://music.163.com/#/song?id=,
就喜欢这种该死的慵懒东北佬口音  ⇒  丫够燥的，这是北京口音,62,?,0,Z 其他,,网易云《焦虑》,https://music.163.com/#/song?id=,
东北女的都这样 全国都知道  ⇒  左左太有素质了，刘森乐迷👍🏻,62,?,0,Z 其他,,网易云《焦虑》,https://music.163.com/#/song?id=,
歌挺好的，为什么非得又是裤裆又是前女友傍大款  ⇒  到了没给她shui了这句太那啥,62,?,0,Z 其他,,网易云《焦虑》,https://music.163.com/#/song?id=,
谁让他不是  ⇒  他是的话还找前女友这样的人吗 搞笑,62,?,0,Z 其他,,网易云《焦虑》,https://music.163.com/#/song?id=,
这种歌到底谁在听，不理解  ⇒  这种歌到底谁在听，不理解,62,?,0,Z 其他,,网易云《我有点焦虑》,https://music.163.com/#/song?id=,
咋换封面了  ⇒  新专预热到时候会换回来,62,?,0,Z 其他,,网易云《我有点焦虑》,https://music.163.com/#/song?id=,
咋换封面了  ⇒  求你了 幸好提前保存了,62,?,0,Z 其他,,网易云《我有点焦虑》,https://music.163.com/#/song?id=,
加油 我也在考公  ⇒  加油加油！[欣赏音乐],62,?,0,Z 其他,,网易云《我有点焦虑》,https://music.163.com/#/song?id=,安慰语命中
iPhone广告推荐页来的[装可爱]  ⇒  好听吗[装可爱],62,?,0,Z 其他,,网易云《一个人》,https://music.163.com/#/song?id=,
[发布了语音，请前往最新移动端版本查看]  ⇒  品味很相投，有机会聊聊天,62,?,0,Z 其他,,网易云《一个人》,https://music.163.com/#/song?id=,
[发布了语音，请前往最新移动端版本查看]  ⇒  豪庭[欣赏音乐],62,?,0,Z 其他,,网易云《一个人》,https://music.163.com/#/song?id=,
时间一晃十几年过去了，在听这歌已不是少年郎  ⇒  十年前一个人冬天带着耳机走在晚自习下课的路上，好冷好孤独。转眼现在已是将近30的中登，虽然还是一个人，但是不会害怕孤独了[流泪],62,?,0,D 孤独 / 没人,,网易云《一个人》,https://music.163.com/#/song?id=,
谁能统计一下全部歌曲  ⇒  一个人，这个夏天，配吗，不配，,62,?,0,D 孤独 / 没人,,网易云《一个人》,https://music.163.com/#/song?id=,
有没有刷抖音，网易找歌的[搞怪]  ⇒  报道，直接听都听不到好听的了，只能抖音里疯狂找,62,?,0,Z 其他,,网易云《一个人》,https://music.163.com/#/song?id=,
一直是一个人，每个月看朋友圈别人都在发几月有谁 而我一直是一个人 根本不知道爱是什么  ⇒  看着好朋友官宣更好的朋友老伤心了,62,?,0,D 孤独 / 没人,,网易云《一个人》,https://music.163.com/#/song?id=,
听说喜欢颜人中的都喜欢郑润泽？？  ⇒  同学都听郑润泽只有我听颜人中[流泪]很想去学着get郑润泽but in vain[流泪],62,?,0,Z 其他,,网易云《一个人》,https://music.163.com/#/song?id=,
有些人这辈子你已经见过最后一面了。  ⇒  如果知道是最后一面 就多看几眼了,62,?,0,B 失去 / 离别,,网易云《遗憾》,https://music.163.com/#/song?id=,
若有一天不喜欢这些歌了，应该是过得快乐了  ⇒  快乐总是短暂而肤浅的，悲伤才应该是人生底色…,62,?,0,Z 其他,,网易云《遗憾》,https://music.163.com/#/song?id=,
不删他 内耗能杀死我 删了他 思念会杀死我 诸位军师 这局何解.  ⇒  删了就好了 思念会杀死过去的你,62,?,0,Z 其他,,网易云《遗憾》,https://music.163.com/#/song?id=,
而且你这个小狗装扮好好看呀  ⇒  搞的我也想充SVIP辽,62,?,0,Z 其他,,网易云《遗憾》,https://music.163.com/#/song?id=,
嘿嘿，找到了一首我妈妈喜欢听的歌[乞求]  ⇒  什咪！又了解到了阿姨喜欢的一首歌,62,?,0,Z 其他,,网易云《遗憾》,https://music.163.com/#/song?id=,
后来我明白，精神寄托可以是工作，可以是美食，可以是山川大海，唯独不可以是人  ⇒  勇敢一点去爱，别太害怕受伤！能给予爱，本身就是一种幸福！,62,?,0,Z 其他,,网易云《遗憾》,https://music.163.com/#/song?id=,
有些人这辈子你已经见过最后一面了。  ⇒  还有青春里的你和我,62,?,0,B 失去 / 离别,,网易云《遗憾》,https://music.163.com/#/song?id=,
有没有这种曲风的歌曲推荐[装可爱]  ⇒  如果云知道和独角戏,62,?,0,Z 其他,,网易云《遗憾》,https://music.163.com/#/song?id=,
我二十五岁势单力薄的时候就敢跟他结婚 现在我三十六了  ⇒  说明过得幸福◍˃ᵕ˂◍,62,?,0,Z 其他,,网易云《遗憾》,https://music.163.com/#/song?id=,
不删他 内耗能杀死我 删了他 思念会杀死我 诸位军师 这局何解.  ⇒  拉黑但不删[爆笑],62,?,0,Z 其他,,网易云《遗憾》,https://music.163.com/#/song?id=,
木已成舟 遗憾就遗憾吧 [发布了语音，请前往最新移动端版本查看]  ⇒  I’ll sdsd do mine I. M together m got,62,?,0,Z 其他,,网易云《遗憾》,https://music.163.com/#/song?id=,
我二十五岁势单力薄的时候就敢跟他结婚，现在我三十六了。  ⇒  就知道会有这小两口的评论,62,?,0,Z 其他,,网易云《遗憾》,https://music.163.com/#/song?id=,
可你在我心里的地位永远回不到以前了  ⇒  贬低的都是心里话,62,?,0,Z 其他,,网易云《遗憾》,https://music.163.com/#/song?id=,
为什么要在感情里当懦夫呢？  ⇒  那会刚同居几个月，虽然已经认识了几年，但是住一起后开始为一些小事吵架，吵得怀疑人生了😅现在已经好很多了～,62,?,0,Z 其他,,网易云《遗憾》,https://music.163.com/#/song?id=,
这么好听的歌评论这么少？  ⇒  那肯定有另一个收费版本,62,?,0,Z 其他,,网易云《遗憾》,https://music.163.com/#/song?id=,
你总是很理智，想沟通的她像疯子。  ⇒  你清醒的看着自己沉沦 爱意这么汹涌我竟无能为力[流感],62,?,0,Z 其他,,网易云《遗憾》,https://music.163.com/#/song?id=,
经典永不过时 钟意的人自会珍藏  ⇒  同道中人，你好[强],62,?,0,Z 其他,,网易云《遗憾》,https://music.163.com/#/song?id=,
不是每个人都想和你分享快乐  ⇒  如果连快乐都不想分享 那生活还剩什么？,62,?,0,Z 其他,,网易云《遗憾》,https://music.163.com/#/song?id=,
经典永不过时 钟意的人自会珍藏  ⇒  不是每个人都想和你分享快乐,62,?,0,Z 其他,,网易云《遗憾》,https://music.163.com/#/song?id=,
可是有些事你不去做会留下遗憾的  ⇒  遗憾的事总会有的,62,?,0,Z 其他,,网易云《遗憾》,https://music.163.com/#/song?id=,
同在屋檐下只做愉悦的事，少提正确的事，不留遗憾不后悔。  ⇒  可是有些事你不去做会留下遗憾的,62,?,0,Z 其他,,网易云《遗憾》,https://music.163.com/#/song?id=,
我来了～～～[加一]  ⇒  爱你，小孙怡[红心],62,?,0,Z 其他,,网易云《遗憾》,https://music.163.com/#/song?id=,
天啊 姐姐买了版权 唱给粉丝 好宠[难过]  ⇒  这个不是浪姐时候唱的吗？听起来比浪姐的版本好很多,62,?,0,Z 其他,,网易云《遗憾》,https://music.163.com/#/song?id=,
我知道大家喜欢之前那个现场版 但是好像录音室版本就是跟现场版出来会有差别 我也不太懂 但是已经尽量贴合了 谢谢大家的喜欢 我会记在心里  ⇒  只要是你唱的我们都爱听🥺🥺🥺,62,?,0,Z 其他,,网易云《遗憾》,https://music.163.com/#/song?id=,
希望大家喜欢[许愿]  ⇒  非常喜欢姐姐爱死你了,62,?,0,Z 其他,,网易云《遗憾》,https://music.163.com/#/song?id=,
再给你推荐两首 如果你要走 请告诉我还有暮雨都是冯泳唱的  ⇒  善宇还有一首是以你之名也好听,62,?,0,Z 其他,,网易云《遗憾的告别》,https://music.163.com/#/song?id=,
再给你推荐两首 如果你要走 请告诉我还有暮雨都是冯泳唱的  ⇒  暮雨哪是冯泳唱的那是邓乐怡,62,?,0,Z 其他,,网易云《遗憾的告别》,https://music.163.com/#/song?id=,
好像春娇与志明 和戒不掉改编的  ⇒  再给你推荐两首 如果你要走 请告诉我还有暮雨都是冯泳唱的,62,?,0,Z 其他,,网易云《遗憾的告别》,https://music.163.com/#/song?id=,
今天是2026年6月13日，我表白成功了[亲吻]  ⇒  恭喜你 勇敢的人[感动],62,?,0,Z 其他,,网易云《遗憾的告别》,https://music.163.com/#/song?id=,
2029我高考 我的学校不是很好 认真学的也人均本科 可我偏就不服气 我想考985 我不知道自己办不办的到 但要是我都否定我自己那才是真的没希望 等我还愿 如果有有经验的人看到了可以给我提一些学习建议吗 我想变得更好！做最好的自己  ⇒  弄不懂的东西就一直问，直到真正弄懂为止。 准备一个小小的问题本，写上在习题或书本第几页第几题，完全弄懂之后打钩，问题本上的问题一个个问老师直到解决为止,62,?,0,F 迷茫 / 年龄焦虑,,网易云《加油！》,https://music.163.com/#/song?id=,
2029我高考 我的学校不是很好 认真学的也人均本科 可我偏就不服气 我想考985 我不知道自己办不办的到 但要是我都否定我自己那才是真的没希望 等我还愿 如果有有经验的人看到了可以给我提一些学习建议吗 我想变得更好！做最好的自己  ⇒  课上效率提高，改过的错题要常复习，手机最好少玩，从高一就打好基础,62,?,0,F 迷茫 / 年龄焦虑,,网易云《加油！》,https://music.163.com/#/song?id=,
关关是难关 但我们关关过  ⇒  t d zu wa qq qv he e e e e be e e e e e e e e e e e e e e e e e e e,62,?,0,Z 其他,,网易云《加油！》,https://music.163.com/#/song?id=,
好听死了，啊啊啊啊啊x100  ⇒  ✧₍^˶- ˕ -˵^₎✧蟹蟹,62,?,0,Z 其他,,网易云《加油！》,https://music.163.com/#/song?id=,
对于小朋友来说，这首歌过于幼稚。 这首歌非常适合32岁的我听  ⇒  灾）dkfk喽rkk#撮镇的R当odufutu,62,?,0,Z 其他,,网易云《加油鸭》,https://music.163.com/#/song?id=,
分享歌词： 加油鸭， 加油鸭， 向前冲鸭， 苍天鸭， 大地鸭， 我的马鸭， 你好鸭， 丑小鸭， 等等我鸭， 梦想在， 前方鸭， 等着大家， 新的一天开始啦， 我出门离开家， 外面风大雨也大， 我都不害怕， 虽然本领不算大， 我也要闯一下， 奔跑姿势很优雅， 跌倒继续爬， 加油鸭， 加油鸭， 向前冲鸭，  ⇒  欧皇赶快安排欧皇赶快安排的五,62,?,0,B 失去 / 离别,,网易云《加油鸭》,https://music.163.com/#/song?id=,
100分[色]  ⇒  飞飞飞 布拉德利斗罗大陆打卡打卡让客服的肯定的地方 、芳芳 上课买的”还。GGv给他天天#沟通,62,?,0,Z 其他,,网易云《加油鸭》,https://music.163.com/#/song?id=,
这可这可是我女儿幼儿园的早操  ⇒  这是我的幼儿园早操,62,?,0,Z 其他,,网易云《加油鸭》,https://music.163.com/#/song?id=,
小朋友可能不太懂歌的意思，但是对于打工人，这首歌很重要！！！  ⇒  🉐得🉐得🉐得🉐得,62,?,0,Z 其他,,网易云《加油鸭》,https://music.163.com/#/song?id=,
小朋友可能不太懂歌的意思，但是对于打工人，这首歌很重要！！！  ⇒  尽 bbbddytrewqyuiojhg#dsuytreytylytttttyuuuuopphbbccxnnnn. ！√ ？65263332147869855555555,62,?,0,Z 其他,,网易云《加油鸭》,https://music.163.com/#/song?id=,
小朋友可能不太懂歌的意思，但是对于打工人，这首歌很重要！！！  ⇒  77788。很独特白白的英文歌。一,62,?,0,Z 其他,,网易云《加油鸭》,https://music.163.com/#/song?id=,
我一年级就唱  ⇒  你们会员从哪来的,62,?,0,Z 其他,,网易云《加油鸭》,https://music.163.com/#/song?id=,
聪明追着我跑，我跑的比它快✌🏻️  ⇒  (●__●)，，，！。？,62,?,0,Z 其他,,网易云《加油鸭》,https://music.163.com/#/song?id=,
好好玩，好听  ⇒  🙂🧑‍⚕️📛☑️😋 87,62,?,0,Z 其他,,网易云《加油鸭》,https://music.163.com/#/song?id=,
太好听了 比有些中国人翻唱的都好听  ⇒  么🤓 qvb你们去,62,?,0,Z 其他,,网易云《加油》,https://music.163.com/#/song?id=,
乖乖，成绩不能决定一切，做好自己最重要啦！要开心！  ⇒  在父母的眼里可能成绩比我还重要😔,62,?,0,Z 其他,,网易云《加油》,https://music.163.com/#/song?id=,
快给我火！！！🔥🔥🔥  ⇒  冲冲冲，不允许！！！虽然今天才发现,62,?,0,Z 其他,,网易云《加油》,https://music.163.com/#/song?id=,
高考倒计时16天 真的心态炸裂 好焦虑 退步好多好多  ⇒  现在如何啦[装可爱],62,?,0,Z 其他,,网易云《加油（0.8）》,https://music.163.com/#/song?id=,
考的怎么样  ⇒  现在在准备考研啦,62,?,0,Z 其他,,网易云《加油（0.8）》,https://music.163.com/#/song?id=,
不如送外卖  ⇒  送外卖吗？我同行的朋友她身体不太适合送外卖诶🤔,62,?,0,Z 其他,,网易云《加油（0.8）》,https://music.163.com/#/song?id=,
再回头看那些事也没什么大不了  ⇒  是滴往前看[红心],62,?,0,Z 其他,,网易云《加油（0.8）》,https://music.163.com/#/song?id=,
高考倒计时16天 真的心态炸裂 好焦虑 退步好多好多  ⇒  再回头看那些事也没什么大不了,62,?,0,Z 其他,,网易云《加油（0.8）》,https://music.163.com/#/song?id=,
我想开一家酒吧 店里深夜开店半夜打烊 没有激荡的音乐 没有水果茶奶茶 只有民谣和酒 喝下的是酒，吐出来的是故事 我想和每个客人分享年少的事 路过店门口的人都会停住脚步 只因为他们听到了酒般的民谣 店名就叫 流浪客. 今年17岁我想在35岁开 开在济南  ⇒  期待着 济南 20年后 我会去的 到时候你的店应该开了 我一定会去喝酒的,62,?,0,Z 其他,,网易云《加油（0.8）》,https://music.163.com/#/song?id=,
老子因为孤独哄了太多不配的货色  ⇒  老子因为孤独哄了太多不配的货色,62,?,0,D 孤独 / 没人,,网易云《天生痛苦》,https://music.163.com/#/song?id=,
我想要你们的微信。  ⇒  wtwyyyyyyyy,62,?,0,Z 其他,,网易云《天生痛苦》,https://music.163.com/#/song?id=,
大家都是从哪里发现这首曲子的💫  ⇒  日推，听一会儿就加入心了[装可爱],62,?,0,Z 其他,,网易云《在痛苦彻底撕裂之前》,https://music.163.com/#/song?id=,
“如果注定要分开 那相遇的意义是什么？” “就像烟花 哪怕只有一瞬 但那一刻它也曾照亮世界”  ⇒  感谢她片刻照亮过我的世界,62,?,0,F 迷茫 / 年龄焦虑,,网易云《在痛苦彻底撕裂之前》,https://music.163.com/#/song?id=,
地球online真是拉完了 ，你让十几岁的孩子去思考活下去的意义 😂😂😂  ⇒  拉完了 让十几岁的孩子天天想着死,62,?,0,F 迷茫 / 年龄焦虑,,网易云《在痛苦彻底撕裂之前》,https://music.163.com/#/song?id=,
我好累，想死…  ⇒  想死的话 就想想你还没吃到的美食 想想你没玩到的预售游戏 想想你喜欢但不敢告白的人 想想你想不想遇到一个真心对你的人 有一个家 想想你才活了多少年 心甘情愿的死在这么年轻的时候吗,62,?,0,C 疲惫 / 撑不住,,网易云《在痛苦彻底撕裂之前》,https://music.163.com/#/song?id=,
（被感动哭了）  ⇒  江苏小伙爱玩儿ai聊天软件,62,?,0,Z 其他,,网易云《在痛苦彻底撕裂之前》,https://music.163.com/#/song?id=,
终于看到正常的回复了  ⇒  实话 终于看到正常人了,62,?,0,Z 其他,,网易云《爱欲求》,https://music.163.com/#/song?id=,
恋爱真的看脸吗  ⇒  说句现实的 脸好看看脸 不好看就看钱,62,?,0,Z 其他,,网易云《爱欲求》,https://music.163.com/#/song?id=,
恋爱真的看脸吗  ⇒  没有好看的脸，没人会注意到你,62,?,0,D 孤独 / 没人,,网易云《爱欲求》,https://music.163.com/#/song?id=,
有高品味人群评论一下我的歌单吗  ⇒  笑死我了 牛逼子,62,?,0,Z 其他,,网易云《爱欲求》,https://music.163.com/#/song?id=,
如果不是串的那真的很招了[笑哭了]不喜欢听就润  ⇒  你是听雷尼克斯的,62,?,0,Z 其他,,网易云《直视痛苦》,https://music.163.com/#/song?id=,
综艺粉闹麻了[大哭]这个专辑这辈子都不可能风评逆转  ⇒  三级你跟综艺粉做一桌[感动],62,?,0,Z 其他,,网易云《直视痛苦》,https://music.163.com/#/song?id=,
最后一天怎么了[笑哭了]  ⇒  你都听sasi了,62,?,0,Z 其他,,网易云《直视痛苦》,https://music.163.com/#/song?id=,
你都听最后一天了  ⇒  最后一天怎么了[笑哭了],62,?,0,Z 其他,,网易云《直视痛苦》,https://music.163.com/#/song?id=,
隼是不是最近打瓦打多了，还是迎合瓦玩家来的，这句真难绷啊  ⇒  私下跟康康一起玩的,62,?,0,Z 其他,,网易云《直视痛苦》,https://music.163.com/#/song?id=,
kk是哪条路边  ⇒  笑死我了kk路边你咋不打,62,?,0,Z 其他,,网易云《直视痛苦》,https://music.163.com/#/song?id=,
额 油管就是不方便啊[吐舌]到底在傲视所有人什么 太招了  ⇒  你开心就好[大哭],62,?,0,Z 其他,,网易云《直视痛苦》,https://music.163.com/#/song?id=,
这不比年少成名好听？  ⇒  每个人品味不一样,62,?,0,Z 其他,,网易云《直视痛苦》,https://music.163.com/#/song?id=,
真有那么差吗 我从热带鱼时期一直听到现在 我觉得这张专辑比小背心好太多了 这张专辑每一首歌去多听几遍就明白了 越听越上头 每个阶段有每个阶段的不同感悟  ⇒  都是跟风，第一次听隼，能听出来个啥,62,?,0,Z 其他,,网易云《直视痛苦》,https://music.163.com/#/song?id=,
一级搁这串？  ⇒  隼这专不符合身份是事实,62,?,0,Z 其他,,网易云《直视痛苦》,https://music.163.com/#/song?id=,
又被你撞见了啊，哈哈又少一天了 地球Online服务器正常运营，游戏仍在照常进行， 我已通关全部主线剧情，剩余三十天静待离场。不可存档，无法重启，倒计时结束即永久退服， 愿诸位玩家，尽兴此生，一路无憾。  ⇒  赶紧回来[哭哭],62,?,0,Z 其他,,网易云《告别》,https://music.163.com/#/song?id=,
接我今年意外死亡  ⇒  一定要好好活着！[亲吻],62,?,0,Z 其他,,网易云《告别》,https://music.163.com/#/song?id=,
我和你们这些有黑胶的拼了  ⇒  VIP七天的要么 我可以送你,62,?,0,Z 其他,,网易云《告别》,https://music.163.com/#/song?id=,
世界最坏了，我最差了，我最该死了。  ⇒  天天开心 我爱你,62,?,0,Z 其他,,网易云《告别》,https://music.163.com/#/song?id=,
我和我对象快分手了[流泪]  ⇒  没分，问题解决了，现在很好,62,?,0,B 失去 / 离别,,网易云《告别》,https://music.163.com/#/song?id=,
这作曲竟然是李格弟吗…  ⇒  作词是，刚看了马世芳的听说,62,?,0,Z 其他,,网易云《告别》,https://music.163.com/#/song?id=,
为了寻找你，我搬进鸟的眼睛，经常盯着路过的风。  ⇒  这是模仿泰戈尔的那句诗,62,?,0,Z 其他,,网易云《告别》,https://music.163.com/#/song?id=,
2025了，还有人听吗  ⇒  20251128,62,?,0,Z 其他,,网易云《告别》,https://music.163.com/#/song?id=,
"十分钟前爱上一个人，十分钟后凭冲动立刻可以讲出来；十天前坠入爱河，十天后花一个晚上就能攒够勇气告白；但十年后再去说十年前的心事,中间隔着三千多天里各自的生活，寄托心意的对象和自己都面目全非了。  ⇒  欲买桂花同载酒，终不似少年游",62,?,0,D 孤独 / 没人,,网易云《告别》,https://music.163.com/#/song?id=,
这个老艺术家已经126岁了  ⇒  @B_辣椒水不辣,62,?,0,Z 其他,,网易云《告别》,https://music.163.com/#/song?id=,
@精神倍儿好 铁子速来品鉴！！！  ⇒  已来[欣赏音乐],62,?,0,Z 其他,,网易云《告别》,https://music.163.com/#/song?id=,
有预感有一天会爆火  ⇒  快了快了[装可爱],62,?,0,Z 其他,,网易云《告别》,https://music.163.com/#/song?id=,
单曲循环的应该是00初90末的那一批  ⇒  我是10后，小时候上幼儿园时听的这个，当时可喜欢这首歌了，还学会唱了，现在已经高一了，小时候听过的歌记得最清晰的就是这一首,60,?,0,Z 其他,音乐评论，不是陪伴语言,网易云《一个人》,https://music.163.com/#/song?id=,
我怎么感觉他上了个新说唱以后，她自己才是进步最快的选手...  ⇒  确实 她太聪明了 学什么都会还学得快。。。,58,?,5227,F 迷茫 / 年龄焦虑,,网易云《孤独》,https://music.163.com/#/song?id=,
我最喜欢一句“若是被施舍拥抱之后，谁想吐”，很有喜感。  ⇒  还是施舍的人更想吐。,58,?,13,Z 其他,,网易云《抱抱》,https://music.163.com/#/song?id=,
"""我考研要考北大"" 父母：""别做梦了"" 同学：""哈哈哈哈"" 亲友：""别想太多"" 课上，一个人坐第一排的多人桌。 课下，一个人独立孤行，不留不等。 我冷血无情，我一心向学，我今年大一。我！很孤独，四年后，我要让所有人羡慕我的孤独。不就是北大么？呵呵  ⇒  蹲后续~现在26年了！",58,?,1,D 孤独 / 没人,,网易云《孤独》,https://music.163.com/#/song?id=,
哇塞宝宝我去天津看今晚上  ⇒  嘿嘿看到现场的我们都很幸福！,58,?,1,Z 其他,,网易云《孤独》,https://music.163.com/#/song?id=,
我父亲因为过失杀人，判刑20年。我母亲一辈子只知道赌博，欠一屁股债，后来跟一个大她十几岁的男人跑了。曾经的我颤颤巍巍，跟人说话都瑟瑟发抖。我做过搬运工，当过饲养员，在工厂做过流水线…后面自考本科，快毕业，在备考研！我一直坚信，所有的事情都是上天最好的安排！  ⇒  过失杀人能判20年？逆天！,58,?,1,H 身体 / 睡眠,,网易云《Love Is Gone (Acoustic)》,https://music.163.com/#/song?id=,
平静就是一个人征服了生活的姿态。 ——《半山文集》 ​​​​  ⇒  平静也是一个人被生活驯服了的姿态。,58,?,1,D 孤独 / 没人,,网易云《关于我爱你》,https://music.163.com/#/song?id=,
2026了还有人看夏日重现吗[哭哭]  ⇒  以前追了几集没看，几年好不容易闲下来一口气追完了。,58,?,1,Z 其他,,网易云《失恋ソング沢山聴いて 泣いてばかりの私はもう。》,https://music.163.com/#/song?id=,
这么好听的旋律不能被埋没  ⇒  洛洛本应该可以喊妈妈！网易云评论这点都不给她！,58,?,1,Z 其他,,网易云《妈妈》,https://music.163.com/#/song?id=,
？这个评论区为什么要一直说那个小说😂又不是专属  ⇒  点开这个评论区吓我一雷。,58,?,1,Z 其他,,网易云《活着Viva》,https://music.163.com/#/song?id=,
刚听了几个版本，总觉得哪里不对，现在对了，就是这个味道  ⇒  宝宝宝宝和你我真。,58,?,1,Z 其他,,网易云《遗憾》,https://music.163.com/#/song?id=,
女孩们 当你看到优秀的男性 请你想着怎么去学习他 成为他 超越他 而不是只想着嫁给他。  ⇒  去小红书去比较高。,58,?,0,Z 其他,,网易云《孤独》,https://music.163.com/#/song?id=,
最难过的，莫过于当你遇上一个特别的人，却明白永远不可能在一起，或迟或早，你不得不放弃。  ⇒  或许是还债，清债以后就解脱了。,58,?,0,F 迷茫 / 年龄焦虑,,网易云《想哭》,https://music.163.com/#/song?id=,
陈小霞作曲，难怪这么好听  ⇒  学友这样的音色，唱什么不好听。,58,?,0,Z 其他,,网易云《想哭》,https://music.163.com/#/song?id=,
2020年4月4日查出白血病，现在已经化疗五个疗程结束，下个疗程结束就可以移植了，希望一切顺利！[拜]  ⇒  一切顺利！加油！,58,?,0,Z 其他,,网易云《富士山下》,https://music.163.com/#/song?id=,安慰语命中
弗洛洛：来告诉我，人死到底能不能复生呀  ⇒  残星会的打掉！打掉！打掉！,58,?,0,Z 其他,,网易云《别难过》,https://music.163.com/#/song?id=,
人这一辈子千万不要马虎两件事 一是找对爱人 二是找对事业 太阳升起时要投身事业 太阳落山时要与爱人相拥的 我们终其一生都在寻找两件事 一是价值感 二是归属感 价值感来源于肯定 归属感来源于被爱  ⇒  好巧不巧，两件都找错了。,58,?,0,Z 其他,,网易云《别错过 (Live版)》,https://music.163.com/#/song?id=,
谁说一句活下去，我就活几天  ⇒  死都不怕，还有什么好怕的，最差不过现在，干他丫的，好好活着。,58,?,0,Z 其他,,网易云《爱我你就抱抱我》,https://music.163.com/#/song?id=,
去挥霍和珍惜是同一件事情，有没有人突然听懂了的  ⇒  挥霍时不知珍惜，失去了才知道后悔，想珍惜的时候已经无法挥霍。,58,?,0,Z 其他,,网易云《关于我爱你》,https://music.163.com/#/song?id=,
你歌单里有好多我喜欢的歌  ⇒  对歌的喜欢源于当时心境的契合，而不同的人的心境相似而不同，不同人不同时期喜欢一样的歌很正常。既曾拥有，也曾失去。,58,?,0,Z 其他,,网易云《关于我爱你》,https://music.163.com/#/song?id=,
"开一家小清吧 店里放的歌取决于我最近喜欢听什么 有可能客人今天能听到淡淡的纯音乐 明天是摇滚 后天或许是民谣 也有可能一晚上单曲循环一首歌 在放到《关于我爱你》的时候 有一句歌词是 ""去挥霍和珍惜是同一件事情"" 到时我会在酒单上 写下""挥霍""和""珍惜"" 然后调同一杯酒 在线等一聪明客人发现这个彩蛋  ⇒  开了么 开了可就要去了！！！！！！",58,?,0,Z 其他,,网易云《关于我爱你》,https://music.163.com/#/song?id=,
三年过去，这部番刚好贯穿了我初中三年的时间，每到夏日，观众都会热情的把这部番再次推向高潮，我的理解随着时间推移，一步步进入更高的境界。今年中考失利，卡在重点高中分数线被刷下来了，虽有些遗憾，但我相信这部番背后蕴藏的能量是强大的，它会成为我青春一部分的标志，现在我要向未来出发，再见  ⇒  和我的遭遇一样。,58,?,0,F 迷茫 / 年龄焦虑,,网易云《失恋ソング沢山聴いて 泣いてばかりの私はもう。》,https://music.163.com/#/song?id=,
2026.9.12 来看了你最爱的歌手的演唱会 妈妈我爱你 希望你在天堂一切都好 下一个时间的轮回里我们还会再见面的 我想不到为什么世界上会有你这么温柔的人 可是关于你的记忆越来越模糊了 有时候想想 带我走吧 有你的人生才叫做活着  ⇒  你也要像雷子一样开始幸福！,58,?,0,Z 其他,,网易云《妈妈》,https://music.163.com/#/song?id=,
这辈子没叫过妈妈，因为我妈妈为了生我去世了，所以我从来不过生日[皱眉]  ⇒  不要给自己太大压力，没取所谓的世俗成就没关系，但一定要热爱生活，健康快乐的生活，这是妈妈的最重要的心愿。,58,?,0,B 失去 / 离别,,网易云《妈妈》,https://music.163.com/#/song?id=,
高三，班里的一个男生教我唱这首歌，歌词记得滚瓜烂熟，可就是唱不对调，我记得当时学了好久好久。到现在四年过去了，我还是唱不对调，但是我不学了，因为那个男生会唱给我听，现在正睡在我旁边，还有我们马上就要订婚啦～  ⇒  秀！秀！秀！祝99！,58,?,0,Z 其他,,网易云《活着Viva》,https://music.163.com/#/song?id=,
火啦你在哪里呢  ⇒  你火了可是我们看不到你了。,58,?,0,Z 其他,,网易云《失眠》,https://music.163.com/#/song?id=,
拿什么释怀 是凌晨哭肿的眼睛 还是深夜里三四点的崩溃  ⇒  这些都不重要了。,58,?,0,C 疲惫 / 撑不住,,网易云《失眠》,https://music.163.com/#/song?id=,
6年了！我暗恋了你六年，不敢表白，你却依然风趣又直男，每次看见你和别人打闹，忍不住吃醋，可……我们快毕业了！之后会不会相遇，不是我能决定的。戴晏生，你什么时候能看看我，看到我喜欢你啊！你总是装作不经意走过，我却无数次想过向你表白，我看见你对我那么无感。只能忍没吞声。（文正）  ⇒  小学6年？！？！,58,?,0,Z 其他,,网易云《失眠》,https://music.163.com/#/song?id=,
呃为什么要讨厌我们广东人呢？  ⇒  应该是一个人，不是指所有人。,58,?,0,D 孤独 / 没人,,网易云《失眠 (Cover Suki刘舒妤)》,https://music.163.com/#/song?id=,
没好好念书 结交了一堆烂人 学了一堆坏毛病 家里也没有让我挥霍的条件 没听父母的阻拦就去创业 出了社会才发现没有人会像爸妈一样包容你 在晚上会焦虑会失眠转天起来还要陪客户 会因为一单生意给比你大十几岁的人疯狂敬酒 身体也跨了 脱发也越来越严重 但我必须撑住 家里还有我要守护的人 加油  ⇒  你自己已经很棒了！,58,?,0,H 身体 / 睡眠,,网易云《焦虑》,https://music.163.com/#/song?id=,
许愿一个天使女孩和我一起chooselife？！！  ⇒  chooselife？！,58,?,0,Z 其他,,网易云《焦虑》,https://music.163.com/#/song?id=,
今天是上班的第三天，难以融入的环境，不知所措，碰到了不好的同事，刚好心情低落的时候听到了这首歌，好符合现在的我，感觉一个人的话除了当下有点儿孤独好像没什么不好[皱眉]  ⇒  工作中都会遇到不好的人和事，按自己的节奏来，不用在意那些，孤独另一方面也是自己的保护色，也有好处。,58,?,0,D 孤独 / 没人,,网易云《一个人》,https://music.163.com/#/song?id=,
听说喜欢颜人中的都喜欢郑润泽？？  ⇒  对的都非常好听！,58,?,0,Z 其他,,网易云《一个人》,https://music.163.com/#/song?id=,
今天分手了[心碎]  ⇒  没关系，这就跟看书一样，总有看完的时候或者是反复看。你是看完了，可以迎接新的开始，新的生活，之后遇到新的书。,58,?,0,B 失去 / 离别,,网易云《遗憾》,https://music.163.com/#/song?id=,
我来了～～～[加一]  ⇒  终于等到你！！！,58,?,0,Z 其他,,网易云《遗憾》,https://music.163.com/#/song?id=,
我们最根本的任务不是买房买车，不是让别人羡慕，也不是过的一定要比别人好，而是可以按照自己喜欢的方式度过一生。请记住你透支健康换来的优秀，不过是人事档案里随时可替换的几行宋体字。而单位的运转齿轮从未因此停滞半分。人生不是用hong头文件丈量的，而是用看见花开、听见雨声的瞬间拼凑的。  ⇒  毕竟，你熬的夜、拼的命、流的泪，最后都成了档案袋里轻飘飘白A4纸，而你错过的晚霞、失约的晚餐、没牵到的手，才是永远无法补录的人生正文。,58,?,0,C 疲惫 / 撑不住,,网易云《遗憾的告别》,https://music.163.com/#/song?id=,
真的不理解为什么不能多理解理解我呢 难道把我逼到焦虑症还不够吗 非得要把我逼到绝路吗 成绩真的比我还有重要吗😦  ⇒  乖乖，成绩不能决定一切，做好自己最重要啦！要开心！,58,?,0,Z 其他,,网易云《加油》,https://music.163.com/#/song?id=,
大家都是从哪里发现这首曲子的💫  ⇒  第一首无人之境，no man's land 就被你的精彩绝伦，深深吸引！,58,?,0,Z 其他,,网易云《在痛苦彻底撕裂之前》,https://music.163.com/#/song?id=,
高敏感的人是感到幸福呢还是感到痛苦呢  ⇒  巨大的痛苦中夹杂着少量的幸福，幸福不是自己切实体会到的，而是远远地旁观其他人的幸福。,58,?,0,Z 其他,,网易云《在痛苦彻底撕裂之前》,https://music.163.com/#/song?id=,
接我今年意外死亡  ⇒  好好生活 天天开心 我爱你。,58,?,0,Z 其他,,网易云《告别》,https://music.163.com/#/song?id=,
《路边野餐》是跟男朋友去电影院看的，我看哭了，他睡着了…后来我们结婚，有了个可爱的女儿，再后来他成为了我前夫，现在仅仅只是我女儿的爸爸… 我仍能想起那晚电影院里的场景，很多事情都有伏笔 恍惚，从二十几到三十多岁的黄金十几年，就这样在纷扰、分离，和奔波中度过了  ⇒  原来的归原来，以后的归以后。,58,?,0,F 迷茫 / 年龄焦虑,,网易云《告别》,https://music.163.com/#/song?id=,
自己听到的，算不算在俗里还有点儿小滋味的[大笑]  ⇒  尔所国土中，所有众生，若干种心，如来悉知。如来说诸心，皆为非心，是名为心。,58,?,0,Z 其他,,网易云《告别》,https://music.163.com/#/song?id=,
女士们，先生们，列车运行前方就要到达本次列车的终点站了，请您整理好行李物品等候下车，下车时请注意列车与站台的间隙，照顾好老人和小朋友，防止发生意外。在您起身离位时，请将座椅靠背、小桌板、脚踏板，及时复位，谢谢合作！欢迎您再次乘坐中国铁路西安局集团有限公司动车组列车，下次旅行再会。  ⇒  因为西局，我自然而然学会了这首歌,56,?,1,Z 其他,音乐评论，不是陪伴语言,网易云《抱抱》,https://music.163.com/#/song?id=,
小时候就是因为这首歌爱上女神的[多多比耶]  ⇒  我是因为这首歌曲喜欢上歌姬的（）,56,?,1,Z 其他,音乐评论，不是陪伴语言,网易云《我不难过 (Live)》,https://music.163.com/#/song?id=,
[发布了语音，请前往最新移动端版本查看]  ⇒  捉火火，我也很喜欢这首歌,56,?,1,Z 其他,音乐评论，不是陪伴语言,网易云《MOM》,https://music.163.com/#/song?id=,
你想看我输 可能永远看不到咯  ⇒  我爱死这首歌了 这首歌是我的爸爸,56,?,1,Z 其他,音乐评论，不是陪伴语言,网易云《焦虑Pt.2/膨胀》,https://music.163.com/#/song?id=,
2025了，还有人听吗  ⇒  我来凯里了，然后看别人说磁带里是这首歌,56,?,1,Z 其他,音乐评论，不是陪伴语言,网易云《告别》,https://music.163.com/#/song?id=,
回家后你在KS上给我发消息 我问考虑的怎么样了 我以为你在骗我 你说是真的 我同意了 你对我很好 我没有珍惜你 我很后悔 我到底在做什么 6下 你转学了 当时你坐在我的后面 我不知道为什么不敢回头看你 可能是因为我们早就分手了 我只能记清 是10月 10月23日那天是我的生日你给我送了4盒糖你记得我爱吃糖  ⇒  你送我的4盒糖吃完 我吃了好久 当我吃完 我和我提了分手 我记不清你是10月还是11月分的手 我只记得你给我表白的日子 后来我朋友看到你发的快手 你把我给你的小皮筋烧了 我送给你两个小皮筋 那一个 我不知道你有没有烧 我真的对不起你 是我把你推开了 希望你能过的好 YYX我好想你,56,?,0,B 失去 / 离别,,网易云《失眠》,https://music.163.com/#/song?id=,
嘿嘿，找到了一首我妈妈喜欢听的歌[乞求]  ⇒  听完了诶～这首歌我爸妈也喜欢嘞，我爸还在KTV唱过,56,?,0,Z 其他,音乐评论，不是陪伴语言,网易云《遗憾》,https://music.163.com/#/song?id=,
有没有人觉得有几句也有些“问问问问你的心”的味道，这个南方凯到底抄了多少首歌啊😅  ⇒  我去听了问心，底下说南方凯抄的是本小说的同人曲，我一看发布时间那俩不都抄的吗，那俩副歌都跟这一模一样,56,?,0,Z 其他,音乐评论，不是陪伴语言,网易云《告别》,https://music.163.com/#/song?id=,
Asen哥，今年我就要艺考了，我不晓得啷个去面对这件事，从小到大都特别喜欢舞蹈，在我们小县城我算好的，前段之前去集训营试课了，小巫见大巫，好多院校的人，我要承认我是个很普通的人，但是我不甘心我不能超过他们，我相信只要努力就可以追赶上他们，我希望等到我出成绩那天我再看到这条消息我会笑  ⇒  asen哥，我熬了127天了，只剩77天就要艺考了，集训最难的居然不是专业而是减肥，我1.65 现在已经90斤了，还要瘦7斤才行，但是现在入秋了好难瘦啊，还有我软开怎么还是这么硬，快点一拍抱直好吗，剧目好难我好害怕，技术技巧稳定一点好不好，让我12月联考大捷好吗？,55,?,1,C 疲惫 / 撑不住,,网易云《焦虑》,https://music.163.com/#/song?id=,
本来就是问一下，你们硬要吵，咋了  ⇒  自己扯对立，听音乐本来就因人而异，你来这里问听这首歌的哪个好听你说呢？你还装上无辜了[好听哭了],55,?,0,Z 其他,音乐评论，不是陪伴语言,网易云《焦虑》,https://music.163.com/#/song?id=,
02。初中的时候这首真的是单曲循环之一，那时候在🐧音乐听。没想到今天网易云日推居然推了这首歌。[举手]  ⇒  今天2026年9月13日 我也是02的 听到每日推荐里有这首歌 真的惊呆了 回忆直接袭来,54,?,1,Z 其他,音乐评论，不是陪伴语言,网易云《一个人》,https://music.163.com/#/song?id=,
我快碎成二维码了 只想听三个字。。  ⇒  抱抱你，每个人都值得被爱,54,?,1,Z 其他,模板式夸奖,网易云《在痛苦彻底撕裂之前》,https://music.163.com/#/song?id=,安慰语命中
声音是提取的kiki老师吗  ⇒  感觉更像千咲剧情bgm那个歌手,54,?,0,Z 其他,音乐评论，不是陪伴语言,网易云《别难过》,https://music.163.com/#/song?id=,
第一次听到这些歌是在《那年那兔那些事儿》中听到的，当时看这个动漫哭了好久。 记得最深的就是 每一只兔子都有一个大国梦！ 不要哭，眼泪也会冻住的。 积贫积弱的中国，因每个中国人的努力而改变！ 哎，从那时起深感自己身上责任之巨！  ⇒  是的，是的，然后我一直不知道这首歌叫什么名字,54,?,0,F 迷茫 / 年龄焦虑,音乐评论，不是陪伴语言,网易云《追梦赤子心》,https://music.163.com/#/song?id=,
2:40 ：.. -- .. ... ... -.-- --- ..-  ⇒  【别难过】这首歌好好听啊ʢ˶ᵒ ᵕ ˂˶ʡᶻ 果断红心❤️。听到一闪一闪亮晶晶那块呜喵我直接加入特别收藏的歌单里，然后果断关注作者，比心❤️治愈了我有点压抑有点孤单的留学生活[心心],53,?,27,D 孤独 / 没人,音乐评论，不是陪伴语言；标题式开头,网易云《别难过》,https://music.163.com/#/song?id=,安慰语命中
🌚❓❓ [发布了语音，请前往最新移动端版本查看]  ⇒  [发布了语音，请前往最新移动端版本查看],52,?,2,Z 其他,标题式开头,网易云《归去来兮》,https://music.163.com/#/song?id=,
歌挺好的，为什么非得又是裤裆又是前女友傍大款  ⇒  [大哭]这种歌不都这样吗，不过是通过直白来情绪宣泄，对生活的反抗,52,?,1,Z 其他,标题式开头,网易云《焦虑》,https://music.163.com/#/song?id=,安慰语命中
想收到很多祝福的话  ⇒  加油哦祝你金榜题名,52,?,1,Z 其他,口号式鼓励,网易云《加油！》,https://music.163.com/#/song?id=,安慰语命中
[发布了语音，请前往最新移动端版本查看]  ⇒  [发布了语音，请前往最新移动端版本查看],52,?,0,Z 其他,标题式开头,网易云《归去来兮》,https://music.163.com/#/song?id=,
我唱的好听吗？(✪▽✪) [发布了语音，请前往最新移动端版本查看]  ⇒  [发布了语音，请前往最新移动端版本查看],52,?,0,Z 其他,标题式开头,网易云《海屿你》,https://music.163.com/#/song?id=,
这回忆的漩涡🌀快要把我吞没 [发布了语音，请前往最新移动端版本查看]  ⇒  [发布了语音，请前往最新移动端版本查看],52,?,0,Z 其他,标题式开头,网易云《海屿你》,https://music.163.com/#/song?id=,
还有一点没唱完  ⇒  [发布了语音，请前往最新移动端版本查看],52,?,0,Z 其他,标题式开头,网易云《海屿你》,https://music.163.com/#/song?id=,
还在内测的喔˃ ᵕ ᵒ  ⇒  [爆笑]原来如此,52,?,0,Z 其他,标题式开头,网易云《失恋ソング沢山聴いて 泣いてばかりの私はもう。》,https://music.163.com/#/song?id=,
过了这么久 今天突发奇想来看看当初的评论和回复 看到了你给予我的回复 当时看到你的回复我不屑一顾 觉得你懂什么 如今的我已经放下 也懂了你话中的深意 情之一字囊括万千 并不仅限于爱情 我还会遇到很多的人 还有很多事要去做 我不必把时间浪费给一个志不同道不合的过客身上 好好生活吧  ⇒  同样是回过头来看我看到了当年稚嫩的自己用着老气横秋的语气劝别人好好生活 已经忘了前面你的内容是什么了 现在想来 无非是一个人曾经有多好 有多难忘 时间真的能冲淡很多事情人这一生就是在不断重复难忘 后悔 释怀这个循环总想着当时怎么样怎么样就好了可是人总是不长记性的我老是忘了爱而不得才是常态,52,?,0,D 孤独 / 没人,,网易云《MOM》,https://music.163.com/#/song?id=,
听说评论区能发语音唱歌了 我来试试[偷窥]温州见 两天都是380 又要看皇帝位了[笑哭了] [发布了语音，请前往最新移动端版本查看]  ⇒  [发布了语音，请前往最新移动端版本查看],52,?,0,Z 其他,标题式开头,网易云《活着Viva》,https://music.163.com/#/song?id=,
至少是个北京户口  ⇒  哈哈哈哈哈,52,?,0,Z 其他,过短,网易云《焦虑》,https://music.163.com/#/song?id=,
我来了～～～[加一]  ⇒  好萌啊啊啊啊,52,?,0,Z 其他,过短,网易云《遗憾》,https://music.163.com/#/song?id=,
这几天感冒了  ⇒  [晕]早点好起来,52,?,0,Z 其他,标题式开头,网易云《爱欲求》,https://music.163.com/#/song?id=,安慰语命中
每个人对每首歌都有不同的理解和回忆，我觉得只要不是说这首歌是回信的专属之类的话都没有问题，都不算Ky  ⇒  那我问一下是不是作者写出了这本小说。清明谷雨老师在微博上严重强调。不要在歌曲下评论此文。很影响路人缘的。我本人也很喜欢这本小说。喜欢归喜欢别把败坏路人缘这种当借口，对作者和这本小说的影响都不好,50,?,832,Z 其他,,网易云《活着Viva》,https://music.163.com/#/song?id=,
别让我看见你们这群人变脸  ⇒  综艺粉闹麻了[大哭]这个专辑这辈子都不可能风评逆转,50,?,277,Z 其他,音乐评论，不是陪伴语言,网易云《直视痛苦》,https://music.163.com/#/song?id=,
夏尽时亡 听到这首歌想起了伯贤坐在秋千上跟恩海告白的场景  ⇒  夏尽时亡 听到这首歌想起了灿烈死后在梦里和恩海在樱花树下的拥抱 想哭,50,?,6,Z 其他,音乐评论，不是陪伴语言,网易云《1분도 못버텨》,https://music.163.com/#/song?id=,
我想你做到了  ⇒  哈哈哈哈在评价这首歌之前，确实短暂的拥有过一家自己开的小清吧。虽然没有上边这两杯酒，却有一杯起名“用度数代替褪黑素，”以咖啡利口酒去调的；有一杯是以我生日命名的最爱一杯原创；有一杯写爱情，入口苦涩回味带甘；而“不要在此踱步”，为酒单最后一杯，意为喝完就回去。[憨笑],50,?,5,Z 其他,音乐评论，不是陪伴语言,网易云《关于我爱你》,https://music.163.com/#/song?id=,
我也是🥹🥹🥹  ⇒  过了一个月依旧喜欢这首歌[憨笑],50,?,1,Z 其他,音乐评论，不是陪伴语言,网易云《孤独》,https://music.163.com/#/song?id=,
这首歌不至于这么冷门吧  ⇒  真没想到，千禧年这歌也是经常听到的，不过如果不是每日歌单我也想不起这首歌,50,?,1,Z 其他,音乐评论，不是陪伴语言,网易云《抱抱》,https://music.163.com/#/song?id=,
真的想谈恋爱 和一个并不美丽却很温柔很安静的女生 去和她一起看海 在大雨淹没城市的时候和她相拥 用自己最平静的声音在她耳边说出“我懂 我懂 我爱你” 真的想对一个人说出我爱你  ⇒  这个女孩子一定很幸福吧！她值得被爱呀[多多大笑],50,?,0,D 孤独 / 没人,模板式夸奖,网易云《关于我爱你》,https://music.163.com/#/song?id=,
我问她生我的时候疼不疼，疼的话能打麻药吗 她给我说打麻药就不知道使劲了，能打镇痛剂，但是我看人家说打镇痛剂对胎儿不好，我就没打  ⇒  祝听这首歌的人一直幸福好不好,50,?,0,F 迷茫 / 年龄焦虑,音乐评论，不是陪伴语言,网易云《MOM》,https://music.163.com/#/song?id=,
没经历过的人不知道谢霆锋当年有多火，这首歌就是十几年后的现在听依然不过时，比起现在快歌那些电音特效乱七八糟的，这首歌好听多了！太燃了！！  ⇒  所有迪厅，溜冰场全是这首歌[大笑],50,?,0,F 迷茫 / 年龄焦虑,音乐评论，不是陪伴语言,网易云《活着Viva》,https://music.163.com/#/song?id=,
一点旋律悦耳的都没有，能听得进去？[笑哭了]  ⇒  一点旋律悦耳的都没有，能听得进去？[笑哭了],50,?,0,Z 其他,音乐评论，不是陪伴语言,网易云《焦虑Pt.2/膨胀》,https://music.163.com/#/song?id=,
这首歌是我妈妈[期待]  ⇒  那我跟这首歌结婚了,50,?,0,Z 其他,音乐评论，不是陪伴语言,网易云《焦虑Pt.2/膨胀》,https://music.163.com/#/song?id=,
我爱死这首歌了 这首歌是我的爸爸  ⇒  这首歌是我妈妈[期待],50,?,0,Z 其他,音乐评论，不是陪伴语言,网易云《焦虑Pt.2/膨胀》,https://music.163.com/#/song?id=,
觉得许美静的声音像淡柠檬，这种淡，这种冷清，可能不是绝望无奈，而是看开和理智。她几乎所有歌带给我的感觉都是清透的，就算是《铁窗》《蔓延》那么绝望的歌也能听出她的理智。习惯了在她声音中思考自己。  ⇒  她的铁窗、蔓延专辑，都是给人感觉很清冷！,50,?,0,Z 其他,音乐评论，不是陪伴语言,网易云《遗憾》,https://music.163.com/#/song?id=,
借用一个三甲医院医生说的话 一个三甲医院医生说:“人只有在即将死亡的时候才能够明白这一切。人生其实就是一场骗局，最主要的任务根本不是买房买车，也不是即时行乐，这其实是欲望，不是真相。”人生就是一个梦，虚无缥缈并不真实。我们不要给自己那么多的使命感和过剩的责任感  ⇒  在这个世界上，活着的我们和一只蚂蚁，一只昆虫，一只蚊子，一只甲壳虫，没有任何区别。当你走到了生命的尾声，蓦然回首，就会明白，我们追求的一切都恍若云烟，功名利禄终将变为尘土，恩怨情仇也终将随风飘散，我们在这个世 间最真实的需要，不过就是内心的感受而已。,50,?,0,Z 其他,,网易云《遗憾的告别》,https://music.163.com/#/song?id=,
说实话我一开始听的时候我真没想到风评现在这样，确实跟我刚开始想的不一样整张专辑和以前的相比更加电子创新一些听感和以前很不一样，有一说一有几首确实听感不怎么样，人声和beat完全混在一起，但也有好歌啊，整张专我最喜欢《Dumb》唯一一首我听第一遍我就觉得很顶的，耳机听起来非常炸  ⇒  结果最开始连一万收藏都没有想找个Reaction都找不到，说实话我觉得有些人你根本都没有听完就开始无脑唱衰评价完全基于和以前的对比，不至于真没那么差，满分十分最起码在我这里有个6-7左右,50,?,0,Z 其他,,网易云《直视痛苦》,https://music.163.com/#/song?id=,
贫穷让我们相遇  ⇒  笑死我了哈哈哈,49,删,2,Z 其他,过短,网易云《加油》,https://music.163.com/#/song?id=,
这首歌是我前任她比较喜欢听那首歌，其中的歌词有好几段，我感受特别深刻，到头来我不知道该怎么面对这段过时的感情真的后悔在一起，我们在一起148天可能不是很长，确实我谈到过的最长的一段恋爱她真的很好，在我家里人没有在家的时候，哪怕下着大雨也会骑车来陪我陪我过节日在此之前我真的习惯了孤单  ⇒  我习惯了孤单，她让我习惯了有她的存在，给了我很多安全感，暑假里面她一直陪我疯，陪我闹，陪我玩，陪我乐，今天开学后，她高二了，因为很多问题变得繁忙起来了，也没精力和我在一起了，我俩经常闹分手,49,删,0,B 失去 / 离别,排比/对仗,网易云《有我呢》,https://music.163.com/#/song?id=,
我没想到我以为的普通的周三下午，是我跟病床上的他说的最后一句话，我也才毕业两年不到……  ⇒  抱抱[乞求],48,删,1,Z 其他,过短,网易云《妈妈》,https://music.163.com/#/song?id=,安慰语命中
第二次见你 在你的十七岁 十七这个数字听着就很美好 既没有十六那么稚嫩 也没有十八那么成熟 是介于两者之间的青涩 刚刚好适合心动 我要得到的是你的爱 那份最真挚的爱 我想为你写一首诗 我想带你逃一个晚自习去看月亮 我想你抱抱我 对我说:我们一辈子  ⇒  第三次见你 在你的二十二岁 所有人都说 二十岁是人生的梅雨季 每个人都在自己的二十多岁里痛哭 这场雨 落在理想与现实的缝隙里 湿漉漉的 怎么也晾不干 像你的泪 我好想抚平你紧锁的眉心 拭去你眼角长长的泪痕 告诉你 你不必隐藏自己的坏情绪 我爱你的眉眼弯弯 也爱你的拧巴不安 我明白你的潮的眉眼弯弯,48,删,0,Z 其他,,网易云《Sacred Play Secret Place》,https://music.163.com/#/song?id=,
加油，天天开心  ⇒  谢谢[抱抱你],48,删,0,Z 其他,过短,网易云《Sacred Play Secret Place》,https://music.163.com/#/song?id=,安慰语命中
将VIP放低些吧~  ⇒  [绿心]完啦！喜欢了呀，库里之歌真的好难啊🍲🍲🍲🍲🍲🍲🍲🍲🍲🍲🍲🍲🍲🍲🍲🍲🍲🍲🍲🍲🍲🍲🍲🍲🍲🍲🍲🍲🍲🍲🍲🍲🍲🍲🍲🍲🍲🍲🍲🍲🍲🍲🍲🍲🍲🍲🍲🍲🍲🍲🍲🍲🍲🍲🍲🍲🍲🍲🍲🍲🍲🍲🍲🍲🍲🍲🍲🍲🍲🍲🍲🍲🍲🍲🍲🍲🍲🍲🍲🍲🍲🍲🍲🍲🍲🍲🍲🍲🍲🍲🍲🍲🍲🍲🍲🍲🍲🍲🍲🍲🍲🍲🍲🍲他喜欢给他送饭吃,48,删,0,Z 其他,标题式开头,网易云《失恋》,https://music.163.com/#/song?id=,
七年前妈妈走了 七年后的我也肺结节了 活在这个煎熬的世界 难道那是另外一种解脱？  ⇒  加油抱抱你,48,删,0,B 失去 / 离别,过短,网易云《妈妈》,https://music.163.com/#/song?id=,安慰语命中
加一可是她已经离开我了[哭哭]  ⇒  抱抱,48,删,0,B 失去 / 离别,过短,网易云《失眠》,https://music.163.com/#/song?id=,安慰语命中
为什么有种说不出的耳熟…不会是Ai音乐吧  ⇒  这是2018年的专辑，AI当时没有如今的生产力。。,46,删,21,Z 其他,音乐评论，不是陪伴语言,网易云《告别》,https://music.163.com/#/song?id=,
一次次惊叹李泰祥的魄力、审美、格局、才华……嗓音也好，干净自如、嘹亮有力。 唐晓诗的嗓音漂亮又诚恳，质朴动情，自然无饰，听得入神，如痴如醉。 再看一眼，一眼就要老了。 音乐到了最后，是生活和心灵，而非技巧。 就让原来的归原来，往后的归往后吧。 就这样涉过忘川吧。 人生终有秋水长天。  ⇒  出色的音乐技巧才能让你直观感受到这些哇。这首歌的配器非常出彩，可惜录音不太好。,46,删,1,Z 其他,音乐评论，不是陪伴语言,网易云《告别》,https://music.163.com/#/song?id=,
其实是林翩翩  ⇒  爱当纱布的眯眼肿，听到你的经历，我的心无比沉重。失去父母、身患艾滋病、生殖器官被切除，这些磨难对你来说太过沉重。但请相信，每一次挑战都是生命对你的锤炼。父母的离去让你无助迷茫，但他们的爱永远活在你心中，守护你前行。,46,删,0,D 孤独 / 没人,,网易云《别难过》,https://music.163.com/#/song?id=,
我习惯了孤单，她让我习惯了有她的存在，给了我很多安全感，暑假里面她一直陪我疯，陪我闹，陪我玩，陪我乐，今天开学后，她高二了，因为很多问题变得繁忙起来了，也没精力和我在一起了，我俩经常闹分手  ⇒  这次分手，她觉得有我没我好像一个样，她甚至变得开始否定我俩的相恋，我俩在一起的感觉。可能我确实不够好，让她厌烦了我，我习惯了有他的陪伴，我不再习惯一个人孤单，我俩经常一起听这首歌，畅想着未来，未来规划好了，却没有机会实现了,46,删,0,B 失去 / 离别,音乐评论，不是陪伴语言,网易云《有我呢》,https://music.163.com/#/song?id=,
对薛之谦粉丝刻板印象加一哈，一定要攻击一条七年前的评论彰显一下么，唉  ⇒  这怎么能叫攻击和彰显呢，听客确实拥有自己的权利来表达对于一首翻唱的看法，但是对于楼主的评论根本就过激了。节目上的翻唱原本就是一种双向奔赴，哪怕薛之谦的唱法和这首歌的情感有偏差但是原唱本身就很厉害，因此也多少会为优美歌声拓宽宣传渠道，怎么能说薛之谦的翻唱是毁了这首歌呢？,46,删,0,Z 其他,音乐评论，不是陪伴语言,网易云《遗憾》,https://music.163.com/#/song?id=,
在这个世界上，活着的我们和一只蚂蚁，一只昆虫，一只蚊子，一只甲壳虫，没有任何区别。当你走到了生命的尾声，蓦然回首，就会明白，我们追求的一切都恍若云烟，功名利禄终将变为尘土，恩怨情仇也终将随风飘散，我们在这个世 间最真实的需要，不过就是内心的感受而已。  ⇒  我们最根本的任务不是买房买车，不是让别人羡慕，也不是过的一定要比别人好，而是可以按照自己喜欢的方式度过一生。请记住你透支健康换来的优秀，不过是人事档案里随时可替换的几行宋体字。而单位的运转齿轮从未因此停滞半分。人生不是用hong头文件丈量的，而是用看见花开、听见雨声的瞬间拼凑的。,46,删,0,C 疲惫 / 撑不住,,网易云《遗憾的告别》,https://music.163.com/#/song?id=,
花了六秒走进了教室 花了六分钟认识了老师 花了六小时认识了同桌 花了六天熟悉了环境 花了六周认识了全班同学 花了六个月了解了全班同学 花了六年才知道什么是分离 小学六年， 我们熬过了9600节课， 240个星期，12个学期， 一张试卷考散了一群人， 最后只剩下一张相片和一声再见， 六年书全了，人却散  ⇒  我的朋友们啊,45,删,0,C 疲惫 / 撑不住,过短,网易云《海屿你》,https://music.163.com/#/song?id=,
我也想以后的女朋友能在大字的KTV安安静静的唱张悬的歌 而不是在那里撕心裂肺的唱着泡沫  ⇒  楼主的意思是，唱张悬的人，冷静理智，从之前的爱中成长，并释怀。而泡沫，更多还是沉浸在情绪中，无法挣脱吧。是两种类型的对象。不过既然选择对象，直接选自己要的不就好了。不过这群人什么都要撕真无语。,45,删,0,F 迷茫 / 年龄焦虑,,网易云《关于我爱你》,https://music.163.com/#/song?id=,
宝宝，你一定要天天开心，天天快乐  ⇒  嗯嗯[庆祝],44,删,0,Z 其他,过短,网易云《有我呢》,https://music.163.com/#/song?id=,
也爱你的拧巴不安 我明白你的潮湿忧愁 所以更想陪你一直走 二十二岁这一面 我想带走的是你的迷茫慌张  ⇒  第四次见你 在你的三十岁 我想要一个家 我们两个人的小家 那样每天都可以见到你 我们可以一起逛超市 一起买菜做饭 一起深夜窝在沙发上看电视 一起聊好多好多的天 还可以养只小猫或是小狗 闲暇时就出去散散步 我们要一起去很多我们没去过的地方 我还要种很多的花 嘿 花本来就浪漫 我亲手种的花送你,44,删,0,F 迷茫 / 年龄焦虑,,网易云《Sacred Play Secret Place》,https://music.163.com/#/song?id=,
好好生活 世界上还有很多有趣的东西呐  ⇒  好呀。你也要哦,44,删,0,Z 其他,过短,网易云《magnolia》,https://music.163.com/#/song?id=,
我跟你们这群有黑胶的人亲了  ⇒  ！ (/^▽^)/ヽ(^。^)丿(/^▽^)ヽ(^。^)丿ヽ(^。^)丿ヽ(^。^)丿(/^▽^)/ヽ(^。^)丿(/^▽^)/(/^▽^)/ヽ(^。^)丿ヽ(^。^)丿(/^▽^)/ヽ(^。^)丿,44,删,0,Z 其他,,网易云《爱我你就抱抱我》,https://music.163.com/#/song?id=,
去挥霍和珍惜是同一件事情，有没有人突然听懂了的  ⇒  比如学生时期舍不得用的精美的笔记本，几年后拿出来已经没用了。比如一段爱恋，不想耽误对方，最后什么都没留下，回忆也没有。有时候一段缘分的到来，如果想得太多，瞻前顾后，你小心翼翼地珍惜，最后也许是浪费了这缘分,44,删,0,A 被否定 / 失败,,网易云《关于我爱你》,https://music.163.com/#/song?id=,
我有一个很小众的故事，我在 2027 年来讲，到时候一定要过来听  ⇒  嗯嗯，一定,44,删,0,Z 其他,过短,网易云《MOM》,https://music.163.com/#/song?id=,
什么时候能治好癌症  ⇒  加油 会好的！,44,删,0,Z 其他,过短,网易云《焦虑》,https://music.163.com/#/song?id=,安慰语命中
我觉得初三开始努力还不晚[唉]  ⇒  我感觉已经晚了,44,删,0,Z 其他,过短,网易云《焦虑》,https://music.163.com/#/song?id=,
"不管你承不承认，这是kenrobb给中文说唱的一份重要答卷。如果说去年出彩的是Mac,今年就是robb的一年。整专代表了他的蜕变，作为听众，我觉得这是难得的神专，也象征了robb达到新的领域，他现在的灵感状态对一个人来说是可遇不可求。他是artist，而不是rapper。他的音乐是真实的，生活就是他的词和flow  ⇒  我也不知道我",44,删,0,D 孤独 / 没人,过短,网易云《直视痛苦》,https://music.163.com/#/song?id=,
战争就在下一秒  ⇒  来吧来吧风暴,44,删,0,Z 其他,过短,网易云《告别》,https://music.163.com/#/song?id=,
这次分手，她觉得有我没我好像一个样，她甚至变得开始否定我俩的相恋，我俩在一起的感觉。可能我确实不够好，让她厌烦了我，我习惯了有他的陪伴，我不再习惯一个人孤单，我俩经常一起听这首歌，畅想着未来，未来规划好了，却没有机会实现了  ⇒  现在每每听见这首歌，我的心里总是莫名的抽痛，没安全感，孤独怕事，是她让我重拾对爱情的向往，可她就真的很轻而易举的脱离了出去，我俩就此结束后，我纠缠过一段时间，当然没有结果，再次想不明白的,42,删,0,B 失去 / 离别,音乐评论，不是陪伴语言,网易云《有我呢》,https://music.163.com/#/song?id=,
每一声的调都出现在我的意料之外  ⇒  哈哈哈哈哈太意外了这歌，建议改名《一路意外》。,41,删,109,Z 其他,书名号引用,网易云《一路生花》,https://music.163.com/#/song?id=,
97年的只有我一个喜欢学友的歌吗？  ⇒  放心，我01,40,删,2,Z 其他,过短,网易云《想哭》,https://music.163.com/#/song?id=,
你们到第几集了： 第1集：加好友 第2集：备注 第3集：聊天 第4集：暧昧 第5集：提出谈 第6集：谈上了 第7集：很幸福 第8集：互相喜欢 第9集：后来吵架 第10集：冷暴力 第11集：不想回信息 第12集：想提分手 第13集：我们不合适 第14集：你们已解除恋人关系重建关系可恢复亲密值 第15集：对方已把你拉黑  ⇒  我是15,40,删,1,B 失去 / 离别,过短,网易云《难过》,https://music.163.com/#/song?id=,
作业写不完了 我的夏日能不能重现一下  ⇒  我也想说,40,删,1,Z 其他,过短,网易云《失恋ソング沢山聴いて 泣いてばかりの私はもう。》,https://music.163.com/#/song?id=,
有一零后吗，在下面回一下  ⇒  我11年的,40,删,1,Z 其他,过短,网易云《活着Viva》,https://music.163.com/#/song?id=,
有一零后吗，在下面回一下  ⇒  我是0可以吗,40,删,1,Z 其他,过短,网易云《活着Viva》,https://music.163.com/#/song?id=,
你最喜欢你真名中的哪个字  ⇒  我都不喜欢,40,删,1,Z 其他,过短,网易云《失眠》,https://music.163.com/#/song?id=,
从明天开始一定要戒色成功  ⇒  我也这样想的,40,删,0,Z 其他,过短,网易云《斑马，斑马》,https://music.163.com/#/song?id=,
全碟最好听嘅一首歌！！咁少评论？有病！分明歧视粤语地区啲人~！！！！  ⇒  我喜欢你的评论,40,删,0,Z 其他,过短,网易云《想哭》,https://music.163.com/#/song?id=,
少有的几首林夕作词，放眼张学友所有专辑其实没有多少称得上神级作词的歌曲。很喜欢这首里的一句：“趁夜正蓝，毋须开一串灯”。傍晚的蓝调时刻，天空暗里带明，不需要多开一盏灯，一个人靠着这点明亮也就够了。还推荐《释放自己》里的一首「留言」，同样是沧海遗珠，冷门佳曲。  ⇒  深去琢磨，这首词写的是真好。“蓝尽我心，一天的烙印，凝聚了一天的光阴，缠绕生根”。林夕是真的懂得怎么把蓝调光影与忧郁串联在一起再形容出来的。,40,删,0,D 孤独 / 没人,文艺腔词汇,网易云《想哭》,https://music.163.com/#/song?id=,
好女儿啊，你怎么还在追着我鲨啊，我只是开了个心动模式而已  ⇒  我也是[哭哭],40,删,0,Z 其他,过短,网易云《别难过》,https://music.163.com/#/song?id=,
15听这个歌正常吗？[笑了]  ⇒  我也是15,40,删,0,Z 其他,过短,网易云《爱我你就抱抱我》,https://music.163.com/#/song?id=,
我父亲因为过失杀人，判刑20年。我母亲一辈子只知道赌博，欠一屁股债，后来跟一个大她十几岁的男人跑了。曾经的我颤颤巍巍，跟人说话都瑟瑟发抖。我做过搬运工，当过饲养员，在工厂做过流水线…后面自考本科，快毕业，在备考研！我一直坚信，所有的事情都是上天最好的安排！  ⇒  我去，这么厉害,40,删,0,H 身体 / 睡眠,过短,网易云《Love Is Gone (Acoustic)》,https://music.163.com/#/song?id=,
评论区咋发的全是:“像我这样的10后不多了，10后听这种歌奇怪吗，10后爱听这首歌有救吗”难道10后是什么珍惜物种很罕见吗？还是要灭绝了，没人在意你是几零后听这种歌，好的歌曲不分国界不分年龄，bro以为听点老歌老有品了  ⇒  我真没绷住,40,删,0,D 孤独 / 没人,过短,网易云《我不难过》,https://music.163.com/#/song?id=,
wǒ bú xìn nǐ huì zhè mē wú liáo de bǎ wǒ zhè jù huà dú wán . rú guǒ nǐ zhēn de dú le . wǒ xiǎng gào sù nǐ ，zhù nǐ xìng fú  ⇒  我也祝你幸福,40,删,0,Z 其他,过短,网易云《难过》,https://music.163.com/#/song?id=,
可是我听了原唱VIP版 我还是喜欢live版  ⇒  我有VIP,40,删,0,Z 其他,过短,网易云《我不难过 (Live)》,https://music.163.com/#/song?id=,
"开一家小清吧 店里放的歌取决于我最近喜欢听什么 有可能客人今天能听到淡淡的纯音乐 明天是摇滚 后天或许是民谣 也有可能一晚上单曲循环一首歌 在放到《关于我爱你》的时候 有一句歌词是 ""去挥霍和珍惜是同一件事情"" 到时我会在酒单上 写下""挥霍""和""珍惜"" 然后调同一杯酒 在线等一聪明客人发现这个彩蛋  ⇒  我想你做到了",40,删,0,Z 其他,过短,网易云《关于我爱你》,https://music.163.com/#/song?id=,
结局虽然很好，但是很空虚，因为我不甘心他们的故事无人知晓，也不甘心就这样结束  ⇒  我也这么觉得😭,40,删,0,Z 其他,过短,网易云《失恋ソング沢山聴いて 泣いてばかりの私はもう。》,https://music.163.com/#/song?id=,
第一次听到这些歌是在《那年那兔那些事儿》中听到的，当时看这个动漫哭了好久。 记得最深的就是 每一只兔子都有一个大国梦！ 不要哭，眼泪也会冻住的。 积贫积弱的中国，因每个中国人的努力而改变！ 哎，从那时起深感自己身上责任之巨！  ⇒  亲，我也是,40,删,0,Z 其他,过短,网易云《追梦赤子心》,https://music.163.com/#/song?id=,
又是五年，博士毕业后入职了全国顶级985附院的王牌科室，拿到了高级职称，应该很快就能招到自己的第一个学生。昨天一次偶尔的机会，回到了考研备考的城市，又重新走了当年走过的路，心中感慨万千。曾经一无所有的时候，可以怀揣着一腔热血走入了社会，如今还剩下几分？愿初心不改。  ⇒  又是三年，已经30岁，国青、面上、省级人才都拿到了，也提前锁定了博导资格。从考研到现在，也已经十年了。深夜改文章，难寐，或许也会有个即将考研的孩子，和我当年那样，冒着寒风走在凌晨的马路上。愿一直都走在让自己心安的路上。,40,删,0,B 失去 / 离别,,网易云《追梦赤子心》,https://music.163.com/#/song?id=,
我也是好起来了，买了摩托车  ⇒  我也是[哭哭],40,删,0,Z 其他,过短,网易云《活着》,https://music.163.com/#/song?id=,
最近压力好大，大家可以对我说一句我爱你吗？😭谢谢！  ⇒  我爱你？宝宝,40,删,0,Z 其他,过短,网易云《失眠 (Cover Suki刘舒妤)》,https://music.163.com/#/song?id=,
你没有心.  ⇒  我喜欢你***,40,删,0,Z 其他,过短,网易云《失眠（抖音最火版）》,https://music.163.com/#/song?id=,
是谁2026年还在听[举手]  ⇒  我[笑了],40,删,0,Z 其他,过短,网易云《一个人》,https://music.163.com/#/song?id=,
谁可以用zjx起个网名  ⇒  我们一样的缩写,40,删,0,Z 其他,过短,网易云《天生痛苦》,https://music.163.com/#/song?id=,
可是我们开学了[流泪]  ⇒  我上学去了,40,删,0,Z 其他,过短,网易云《爱欲求》,https://music.163.com/#/song?id=,
(*¯︶¯*)  ⇒  一定呀宝宝,39,删,1,Z 其他,过短,网易云《magnolia》,https://music.163.com/#/song?id=,
wǒ bú xìn nǐ huì zhè mē wú liáo de bǎ wǒ zhè jù huà dú wán . rú guǒ nǐ zhēn de dú le . wǒ xiǎng gào sù nǐ ，zhù nǐ xìng fú  ⇒  谢谢呀❤️☺️,39,删,1,Z 其他,过短,网易云《难过》,https://music.163.com/#/song?id=,
叫我一声月月，你会收到不同的私信  ⇒  月月你在干嘛,39,删,1,Z 其他,过短,网易云《活着Viva》,https://music.163.com/#/song?id=,
痛苦割裂刻骨铭心  ⇒  不要伤心哦,39,删,1,Z 其他,过短,网易云《在痛苦彻底撕裂之前》,https://music.163.com/#/song?id=,
有段旋律很像不眠之夜  ⇒  对啊 太像了,39,删,0,Z 其他,过短,网易云《1분도 못버텨》,https://music.163.com/#/song?id=,
我好痛苦，头好痛，好疲惫...  ⇒  去拥抱你自己吧,39,删,0,C 疲惫 / 撑不住,过短,网易云《Sacred Play Secret Place》,https://music.163.com/#/song?id=,
hai陌生人天天开心哦  ⇒  你也要开心呀,39,删,0,Z 其他,过短,网易云《magnolia》,https://music.163.com/#/song?id=,
1[强]：做一道练习题 10[强]：做一页练习题 50[强]：做一套卷子 100[强]：游戏再见 500[强]：手机拜拜 1000[强]：平板取逝 5000[强]：电脑消失 ---------------------------  ⇒  还玩呢[大哭],39,删,0,Z 其他,过短,网易云《海屿你》,https://music.163.com/#/song?id=,
我跟你们这群有黑胶的人亲了  ⇒  ok呀[亲吻],39,删,0,Z 其他,过短,网易云《爱我你就抱抱我》,https://music.163.com/#/song?id=,
我父亲因为过失杀人，判刑20年。我母亲一辈子只知道赌博，欠一屁股债，后来跟一个大她十几岁的男人跑了。曾经的我颤颤巍巍，跟人说话都瑟瑟发抖。我做过搬运工，当过饲养员，在工厂做过流水线…后面自考本科，快毕业，在备考研！我一直坚信，所有的事情都是上天最好的安排！  ⇒  加油啊[强],39,删,0,H 身体 / 睡眠,过短,网易云《Love Is Gone (Acoustic)》,https://music.163.com/#/song?id=,安慰语命中
又被绿了被分手了  ⇒  哥们你换个人吧,39,删,0,B 失去 / 离别,过短,网易云《我不难过 (Live)》,https://music.163.com/#/song?id=,
周深唱的才是原版  ⇒  人才吧明明是温,39,删,0,Z 其他,过短,网易云《一路生花》,https://music.163.com/#/song?id=,
今年一定要上岸  ⇒  恭喜呀 已上岸,39,删,0,Z 其他,过短,网易云《一程山路》,https://music.163.com/#/song?id=,
什么时候能上岸啊  ⇒  不久之后吧,39,删,0,Z 其他,过短,网易云《一程山路》,https://music.163.com/#/song?id=,
我女儿学会的第一首歌，每次唱到妈妈个地方就跟着唱妈妈[亲亲]摇头晃脑，手舞足蹈，真的好感动，好意外  ⇒  呢。！—）…,39,删,0,Z 其他,过短,网易云《我有一个好妈妈》,https://music.163.com/#/song?id=,
我有一个很小众的故事，我在 2027 年来讲，到时候一定要过来听  ⇒  还有一年哦,39,删,0,Z 其他,过短,网易云《MOM》,https://music.163.com/#/song?id=,
17岁 厨师学徒 两个月 一个月1200 很累 但是从今天开始 加油吧！ 周远勇[呲牙]  ⇒  现在呢[认可],39,删,0,C 疲惫 / 撑不住,过短,网易云《活着》,https://music.163.com/#/song?id=,
17岁 厨师学徒 两个月 一个月1200 很累 但是从今天开始 加油吧！ 周远勇[呲牙]  ⇒  早上炒锅了吧,39,删,0,C 疲惫 / 撑不住,过短,网易云《活着》,https://music.163.com/#/song?id=,
我在等100个女孩子叫我瑞瑞  ⇒  瑞瑞天天开心哦,39,删,0,Z 其他,过短,网易云《活着Viva》,https://music.163.com/#/song?id=,
想要一个跟我一起听粤语歌的好友  ⇒  问问还用嘛。🐥,39,删,0,Z 其他,过短,网易云《活着Viva》,https://music.163.com/#/song?id=,
现在是北京时间2026年6月3日，我在江苏外面晴天，6月3号去医院查了，得了癌症，心情不好，我最多能坚持到八月底，感觉没啥，就是对不起家人，最起码能对得起她，毕竟我从出生到现在也努力过奋斗过，也没有什么遗憾的，就是担心我爸我妈。希望各大网友好好的，多注意自己的身体，希望你们前程似锦。  ⇒  陌生人加油啊,39,删,0,Z 其他,过短,网易云《失眠》,https://music.163.com/#/song?id=,安慰语命中
终于从监狱出来了  ⇒  开始新生活吧,39,删,0,Z 其他,过短,网易云《失眠 (Cover Suki刘舒妤)》,https://music.163.com/#/song?id=,
我的宝宝不爱我了  ⇒  一样啊[流泪],39,删,0,Z 其他,过短,网易云《失眠 (Cover Suki刘舒妤)》,https://music.163.com/#/song?id=,
本来想躲着被子哭的，结果太舒服睡着了  ⇒  好梦呀宝宝,39,删,0,Z 其他,过短,网易云《失眠 (Cover Suki刘舒妤)》,https://music.163.com/#/song?id=,
考上没有呀 我是27届中考生  ⇒  唉 差五分,39,删,0,Z 其他,过短,网易云《焦虑》,https://music.163.com/#/song?id=,
歌单里1500首歌，400次播放[笑哭了]  ⇒  这人就一撒呗,39,删,0,Z 其他,过短,网易云《焦虑Pt.2/膨胀》,https://music.163.com/#/song?id=,
我好难过 我不想一个人  ⇒  天天开心呀,39,删,0,D 孤独 / 没人,过短,网易云《一个人》,https://music.163.com/#/song?id=,
行我包稀饭你包咸菜 最好是折耳根其他吃不习惯 尤其是要尖尖  ⇒  好呀，你真会吃,39,删,0,Z 其他,过短,网易云《爱欲求》,https://music.163.com/#/song?id=,
综艺粉闹麻了[大哭]这个专辑这辈子都不可能风评逆转  ⇒  你是个啥啊大哥,39,删,0,Z 其他,过短,网易云《直视痛苦》,https://music.163.com/#/song?id=,
一定要幸福呀  ⇒  好呀[红心],39,删,0,Z 其他,过短,网易云《告别》,https://music.163.com/#/song?id=,
小季，如果可以我希望可以和你在一起一辈子  ⇒  一定要幸福呀,39,删,0,Z 其他,过短,网易云《告别》,https://music.163.com/#/song?id=,
荡麦在凯里平良村，要坐两个小时的山路公交。《路边野餐》中瀑布的房子和《地球》里的隧道，都在凯里汽车站附近。我当时还拍了很多照片呢，如果你想看可以分享给你。  ⇒  可以分享一下嘛,39,删,0,Z 其他,过短,网易云《告别》,https://music.163.com/#/song?id=,
这歌赶紧给我上KTV  ⇒  已经上了呀,39,删,0,Z 其他,过短,网易云《告别》,https://music.163.com/#/song?id=,
不知道你们有没有听过Edo的《梦伴秋色》  ⇒  听过，有点像,38,删,1,F 迷茫 / 年龄焦虑,过短,网易云《妈妈》,https://music.163.com/#/song?id=,
其实是林翩翩  ⇒  也不知道在恨啥,38,删,0,F 迷茫 / 年龄焦虑,过短,网易云《别难过》,https://music.163.com/#/song?id=,
好女儿啊，你怎么还在追着我鲨啊，我只是开了个心动模式而已  ⇒  你说你有点难追,38,删,0,Z 其他,过短,网易云《别难过》,https://music.163.com/#/song?id=,
你也要开心  ⇒  [抱抱你],38,删,0,Z 其他,标题式开头；过短,网易云《magnolia》,https://music.163.com/#/song?id=,安慰语命中
最近怎么样  ⇒  挺坏的[哭哭],38,删,0,Z 其他,过短,网易云《magnolia》,https://music.163.com/#/song?id=,
明天 和初恋结婚啦！！[多多大笑]  ⇒  有点晚，幸福,38,删,0,F 迷茫 / 年龄焦虑,过短,网易云《海屿你》,https://music.163.com/#/song?id=,
今天第一次听到，出现在了我每日歌曲推荐的歌单里，反复听了好多遍，真的是戳中软肋的烟火气，用最朴素的词，唱出最厚重的情  ⇒  真的很好听,38,删,0,Z 其他,过短,网易云《妈妈》,https://music.163.com/#/song?id=,
妈妈一直没舍得换手机，今年寒假独自去广东打寒假工，给妈妈换了个新手机，兄弟们，帅不帅  ⇒  挺帅的👍👍👍,38,删,0,Z 其他,过短,网易云《失眠》,https://music.163.com/#/song?id=,
看见名字立马点进去听 结果…… 再也不可能有焦虑这样的歌了 就算是2也完全没有1的感觉 阶段变了状态变了再也写不出那种郁郁不得志的感觉了 最伟大的作品在苦难中诞生 可能确实这样  ⇒  其实2比1更吊,38,删,0,Z 其他,过短,网易云《焦虑Pt.2/膨胀》,https://music.163.com/#/song?id=,
歌单里1500首歌，400次播放[笑哭了]  ⇒  就是喜欢叫,38,删,0,Z 其他,过短,网易云《焦虑Pt.2/膨胀》,https://music.163.com/#/song?id=,
品味很相投，有机会聊聊天  ⇒  确实挺相投🌚,38,删,0,Z 其他,过短,网易云《一个人》,https://music.163.com/#/song?id=,
比极意自在好听[大哭]  ⇒  兄弟，真的点了,38,删,0,Z 其他,过短,网易云《爱欲求》,https://music.163.com/#/song?id=,
现在分手，总好过你不爱我一拖再拖  ⇒  我天真的吊死了这歌词,37,删,0,B 失去 / 离别,翻译/转载,网易云《我不难过》,https://music.163.com/#/song?id=,
花了六秒走进了教室 花了六分钟认识了老师 花了六小时认识了同桌 花了六天熟悉了环境 花了六周认识了全班同学 花了六个月了解了全班同学 花了六年才知道什么是分离 小学六年， 我们熬过了9600节课， 240个星期，12个学期， 一张试卷考散了一群人， 最后只剩下一张相片和一声再见 我从希望成了后诲  ⇒  我回来了！！,36,删,1,C 疲惫 / 撑不住,过短,网易云《Love Is Gone (Acoustic)》,https://music.163.com/#/song?id=,
第五次见你 在你的七十岁 我们都老了 好可惜 前四次见面 都忘了问你要一根头发 不然我就可以指着它说：“你看 我们一起 从青丝走到白发了耶” 我想和你坐在一起 慢慢地回忆 回忆年轻的彼此 回忆一起看过的风景 走过的路 有人说 和心爱的人一起变老 是世界上最浪漫的事  ⇒  现在 只剩最后一面了 我不舍得用掉它 我不想我们再也不见 我可以选择下辈子再遇到你吗 下辈子还能遇到的话 我不说很高兴遇见你了 我想说：好久不见 其实我们是重逢,36,删,0,B 失去 / 离别,引用名人/书里的话,网易云《Sacred Play Secret Place》,https://music.163.com/#/song?id=,
这个世界很大，只是你被一个小小的笼子困住了  ⇒  我知道啦！,36,删,0,Z 其他,过短,网易云《magnolia》,https://music.163.com/#/song?id=,
好听是好听，歌词有问题也就是有问题了。什么年代了，别拿你那套什么说唱地域文化来说  ⇒  说唱都有一个傍大款的前女友，有没有不说，反正成时尚单品了，没有的我祝你有一个，有的我还能安慰安慰你,36,删,0,Z 其他,引用名人/书里的话,网易云《焦虑》,https://music.163.com/#/song?id=,
不收藏了，谁戳我一下就来听一遍，后面来听的宝宝，祝你永远幸福！！  ⇒  再来听哦！,35,删,1,Z 其他,过短,网易云《遗憾》,https://music.163.com/#/song?id=,
叫我欣欣好嘛  ⇒  欣欣小宝呀。,35,删,0,Z 其他,过短,网易云《难过》,https://music.163.com/#/song?id=,
[发布了语音，请前往最新移动端版本查看]  ⇒  姐姐好听啊！！,35,删,0,Z 其他,过短,网易云《加油！》,https://music.163.com/#/song?id=,
看到的可以理我一下吗。我一直一个人好孤单。  ⇒  晚上好呀！,35,删,0,D 孤独 / 没人,过短,网易云《天生痛苦》,https://music.163.com/#/song?id=,
那天晚上隼和连麻都喝多了  ⇒  兄弟曲面文学,34,删,1205,Z 其他,过短,网易云《爱欲求》,https://music.163.com/#/song?id=,
听后感：前奏像不知姓名却在初见时的内心波澜，渐渐从平行到交集，是遇见时悸动的心，是相处时的小心翼翼，也是暗恋时藏不住的心事。将这份爱默默藏在心底，一切都有迹可循，是藏不住的秘密，但我想我会永远在你身边。相信埋在心里的种子，总有天会盛开在独属于你的春天🌼超好听！（ 许愿🀄️翻牌！！！  ⇒  来啦 谢谢喜欢,34,删,712,Z 其他,过短,网易云《藏不住》,https://music.163.com/#/song?id=,
哥哥今天喝卡旺卡了不，求推荐@顔人中  ⇒  吃了臭鳜鱼,34,删,440,Z 其他,过短,网易云《藏不住》,https://music.163.com/#/song?id=,
2025过去了 这一年moment你跑了十个城市 音乐节也跑了十多个 看到你渐渐瘦下来的背影 真的忍不住心疼你 你总让我们好好吃饭 但我们最希望的还是你能好好休息 最重要的是你要始终坚信 有很多人在你看不见的地方爱着你 你说要带我们去看一场真正的烟火 我想 离那一天不远了 不翻我不许吃肉@颜人中  ⇒  谢谢 会的,34,删,425,Z 其他,过短,网易云《藏不住》,https://music.163.com/#/song?id=,
我是一名侦探，去年开始调查你，案子没破，我的心不攻自破。  ⇒  那工作怎么办,34,删,414,F 迷茫 / 年龄焦虑,过短,网易云《藏不住》,https://music.163.com/#/song?id=,
就喜欢这种该死的慵懒东北佬口音  ⇒  这是北京说唱,34,删,32,Z 其他,过短,网易云《焦虑》,https://music.163.com/#/song?id=,
赵雷也是个瓦学弟  ⇒  觉得自己很幽默,34,删,5,Z 其他,过短,网易云《妈妈》,https://music.163.com/#/song?id=,
恋爱真的看脸吗  ⇒  脸是入场券,34,删,4,Z 其他,过短,网易云《爱欲求》,https://music.163.com/#/song?id=,
唱功真不是盖的，张学友以前很火吗？我10后[呲牙]  ⇒  仅次于世界舞王,34,删,3,Z 其他,过短,网易云《想哭》,https://music.163.com/#/song?id=,
原曲是什么  ⇒  于是，郑泽润的,34,删,2,Z 其他,过短,网易云《别难过》,https://music.163.com/#/song?id=,
刚看完，真不错 有个番外就是讲波稻和日鹤去东京的故事，不过是漫画  ⇒  其实还有小说。,34,删,2,Z 其他,过短,网易云《失恋ソング沢山聴いて 泣いてばかりの私はもう。》,https://music.163.com/#/song?id=,
当nic指出中指对着麦克风说viva，浑身电流，整个人都疯了。吉他solo还是那么屌。我爱他整个青春啊啊啊！懂吗？姐姐都30了。哭了。  ⇒  你今年40了,34,删,2,Z 其他,过短,网易云《活着Viva》,https://music.163.com/#/song?id=,
有一零后吗，在下面回一下  ⇒  必须有,34,删,2,Z 其他,过短,网易云《活着Viva》,https://music.163.com/#/song?id=,
求粤语歌和奇洛里维斯回信解绑教程  ⇒  姐妹好敢说,34,删,2,Z 其他,过短,网易云《活着Viva》,https://music.163.com/#/song?id=,
你最喜欢的人姓什么  ⇒  4600条评论,34,删,2,Z 其他,过短,网易云《失眠》,https://music.163.com/#/song?id=,
我爱你周思彤  ⇒  这波性情了,34,删,2,Z 其他,过短,网易云《失眠（抖音最火版）》,https://music.163.com/#/song?id=,
我知道大家喜欢之前那个现场版 但是好像录音室版本就是跟现场版出来会有差别 我也不太懂 但是已经尽量贴合了 谢谢大家的喜欢 我会记在心里  ⇒  好听好听,34,删,2,Z 其他,过短,网易云《遗憾》,https://music.163.com/#/song?id=,
下一首这样的歌，什么时候写好[爱心]  ⇒  很快了[乞求],34,删,2,Z 其他,过短,网易云《告别》,https://music.163.com/#/song?id=,
要拥有必先懂失去怎接受  ⇒  为何为好事泪流,34,删,1,Z 其他,过短,网易云《富士山下》,https://music.163.com/#/song?id=,
流年漫过盛夏，变幻着每一个人的模样。瞳孔中最后的影像，是岁月更迭的沧桑。纵然夏日喧嚣着迎来尽头，纵然时光荏苒着走向灭亡，我赏遍流年、看尽繁花 ，却还是爱你。  ⇒  夏尽时亡……,34,删,1,D 孤独 / 没人,过短,网易云《1분도 못버텨》,https://music.163.com/#/song?id=,
我听着听着哭了 [发布了语音，请前往最新移动端版本查看]  ⇒  祝你健健康康,34,删,1,Z 其他,过短,网易云《海屿你》,https://music.163.com/#/song?id=,
我听着听着哭了 [发布了语音，请前往最新移动端版本查看]  ⇒  是谁没听过？,34,删,1,Z 其他,过短,网易云《海屿你》,https://music.163.com/#/song?id=,
坐去天津的高铁，到终点站前高铁的音乐就是这首歌[多多耍酷]  ⇒  G1712？,34,删,1,Z 其他,过短,网易云《抱抱》,https://music.163.com/#/song?id=,
今天是2022年10月9号，还剩两个月，自己心里很清楚，自己身体一天不如一天，我也不知道我啥时候会突然离开，当时医院给我说的6个月，眨眨眼就过了4个月，真快呀，医生说了有机会，我也又在好好吃药，如果真的那天突然我不在了，希望你们能记住曾经有个叫薛杰的男孩  ⇒  加油怎么样了,34,删,1,B 失去 / 离别,过短,网易云《Love Is Gone (Acoustic)》,https://music.163.com/#/song?id=,安慰语命中
今天是2021年7月19号，还剩两个月，自己心里很清楚，自己身体一天不如一天，我也不知道我啥时候会突然离开，当时医院给我说的6个月，眨眨眼就过了4个月，真快呀，医生说了有机会，我也又在好好吃药，如果真的那天突然我不在了，希望你们能记住曾经有个叫柳峥峥的男孩  ⇒  兄弟 你还在吗,34,删,1,B 失去 / 离别,过短,网易云《Love Is Gone (Acoustic)》,https://music.163.com/#/song?id=,
今天是2021年7月19号，还剩两个月，自己心里很清楚，自己身体一天不如一天，我也不知道我啥时候会突然离开，当时医院给我说的6个月，眨眨眼就过了4个月，真快呀，医生说了有机会，我也又在好好吃药，如果真的那天突然我不在了，希望你们能记住曾经有个叫柳峥峥的男孩  ⇒  五年了，还好吗,34,删,1,B 失去 / 离别,过短,网易云《Love Is Gone (Acoustic)》,https://music.163.com/#/song?id=,
看见我🉑以发一个颜文字吗  ⇒  ∑(O_O；),34,删,1,Z 其他,过短,网易云《难过》,https://music.163.com/#/song?id=,
这首歌的最佳live在2005年飞跃红磡的红发……[流泪]  ⇒  找不到音源,34,删,1,Z 其他,过短,网易云《我不难过 (Live)》,https://music.163.com/#/song?id=,
在读博哈哈哈  ⇒  可以可以加油,34,删,1,Z 其他,过短,网易云《失恋》,https://music.163.com/#/song?id=,安慰语命中
18岁帮助父母还债四万，19岁自己腰伤连带和女友考驾照，给妈妈看病花了将近五万，两年里里外外将近十万，一个月薪水只有四千，我只是个初中毕业生，农村人没有文凭没有本事，万事靠自己，还好有我最爱的女人一直陪伴着我，现在我一个月能拿到六千块，计划买车了，祝福我们吧，我今年20从未放弃过  ⇒  十年了，祝幸福,34,删,1,Z 其他,过短,网易云《追梦赤子心》,https://music.163.com/#/song?id=,
我有一个很小众的故事，我在 2027 年来讲，到时候一定要过来听  ⇒  等你[笑了],34,删,1,Z 其他,过短,网易云《MOM》,https://music.163.com/#/song?id=,
我有一个很小众的故事，我在 2027 年来讲，到时候一定要过来听  ⇒  哇塞，蹲蹲,34,删,1,Z 其他,过短,网易云《MOM》,https://music.163.com/#/song?id=,
我有一个很小众的故事，我在 2027 年来讲，到时候一定要过来听  ⇒  26年了^O^,34,删,1,Z 其他,过短,网易云《MOM》,https://music.163.com/#/song?id=,
妈妈一直没舍得换手机，今年暑假独自去广东打暑假工，给妈妈换了个新手机，兄弟们，帅不帅  ⇒  这是爷们儿,34,删,1,Z 其他,过短,网易云《MOM》,https://music.163.com/#/song?id=,
冬天的第一个男朋友  ⇒  你要控制你自己,34,删,1,Z 其他,过短,网易云《妈妈》,https://music.163.com/#/song?id=,
我比你早几年，十三就去了厨师学徒，那时候天天被骂，一个月一千块钱，现在好多了，一个月四千五做着砧板，过去好久了，记得我那时候十四岁吧可能，切菜没注意，大拇指前面直接切下来，我没哭，虽然很疼，但我包扎好了回了家，父母担心责怪的样子，我哭了  ⇒  加油唐先生,34,删,1,E 愤怒 / 被欺负,过短,网易云《活着》,https://music.163.com/#/song?id=,安慰语命中
还有今年的吗？感觉评论都好老  ⇒  来了[装可爱],34,删,1,Z 其他,过短,网易云《活着》,https://music.163.com/#/song?id=,
“我年轻 我没有结婚 我不做承诺” “黎朔 我求你不要走[流泪]” “我结不结婚 又不关你什么事” “对不起[流泪]程秀[流泪]” “我一分钟出场费八万 陪你这两个小时 你一辈子都付不起” “何故[流泪]我要何故[流泪]” “姓简的 这是我最后一次给你脸” “简哥 跟我回家吧[流泪]”  ⇒  变脸这一块,34,删,1,Z 其他,过短,网易云《活着Viva》,https://music.163.com/#/song?id=,
你最喜欢的人姓什么  ⇒  吕[哭哭],34,删,1,Z 其他,过短,网易云《失眠》,https://music.163.com/#/song?id=,
哥，哥。求纯beat这beat太好了  ⇒  找到了吗兄弟,34,删,1,Z 其他,过短,网易云《焦虑》,https://music.163.com/#/song?id=,
（无恶意就问一下）  ⇒  挂电排后边去,34,删,1,Z 其他,过短,网易云《焦虑》,https://music.163.com/#/song?id=,
[发布了语音，请前往最新移动端版本查看]  ⇒  真好听 唱的,34,删,1,Z 其他,过短,网易云《一个人》,https://music.163.com/#/song?id=,
我二十五岁势单力薄的时候就敢跟他结婚 现在我三十六了  ⇒  就在等这个,34,删,1,Z 其他,过短,网易云《遗憾》,https://music.163.com/#/song?id=,
不收藏了，谁戳我一下就来听一遍，后面来听的宝宝，祝你永远幸福！！  ⇒  听不听[举手],34,删,1,Z 其他,过短,网易云《遗憾》,https://music.163.com/#/song?id=,
不收藏了，谁戳我一下就来听一遍，后面来听的宝宝，祝你永远幸福！！  ⇒  来听[举手],34,删,1,Z 其他,过短,网易云《遗憾》,https://music.163.com/#/song?id=,
光听歌没发现是歪果仁的右边集合👉🏻  ⇒  中文说得很好,34,删,1,Z 其他,过短,网易云《加油》,https://music.163.com/#/song?id=,
我是小妖怪，逍遥又自在  ⇒  一直烦，串不串,34,删,1,Z 其他,过短,网易云《天生痛苦》,https://music.163.com/#/song?id=,
日推到这首的请和我做朋友awa  ⇒  嘿，朋友~,34,删,1,Z 其他,过短,网易云《在痛苦彻底撕裂之前》,https://music.163.com/#/song?id=,
南望桂水，哭我故人  ⇒  人生长恨水长东,34,删,1,Z 其他,过短,网易云《在痛苦彻底撕裂之前》,https://music.163.com/#/song?id=,
每次听这首歌都是在崩溃痛苦时，不知道会不会被刷下去，如果看到了还是希望你们能问我一句今天怎么样  ⇒  今天怎么样,34,删,1,C 疲惫 / 撑不住,过短,网易云《爱欲求》,https://music.163.com/#/song?id=,
综艺粉闹麻了[大哭]这个专辑这辈子都不可能风评逆转  ⇒  乐不乐[大哭],34,删,1,Z 其他,过短,网易云《直视痛苦》,https://music.163.com/#/song?id=,
看完以后，那段42分钟的长镜头反倒不是最重要的了。有一个桥段很打动人。老陈从监狱出来，和接风的兄弟在潮湿大雾弥漫的公路上缓缓开车，得知妻子已经去世以后，什么也没有说，只是把车越来越快。  ⇒  雾也越来越浓,34,删,1,B 失去 / 离别,过短,网易云《告别》,https://music.163.com/#/song?id=,
这首歌真的太好听了，编曲好丰富!!宋准你是个天才嘿嘿!  ⇒  谢谢你,34,删,1,Z 其他,过短,网易云《告别》,https://music.163.com/#/song?id=,
一个人为了男友来到新疆 今天发烧 38°多 咳嗽的血丝都有 给他发讯息 他没能回我 也没来接我 蹲在门诊门口 哭了半小时 很俗的一句话：原来，我做了这么多，感动的只是我自己罢了 明天回台州 我要很幸福！！  ⇒  不要远嫁😑,34,删,0,D 孤独 / 没人,过短,网易云《斑马，斑马》,https://music.163.com/#/song?id=,
后来知道了原来在十八岁之前不读书靠自己什么都做不了 在感情上搞的一塌糊涂 在自己的前途和以后的路走的一塌糊涂 祝你们有书读的前程似锦 还有就是祝自己在最后一个未成年的年里继续更够体验小孩的快乐  ⇒  dgz天天开心,34,删,0,F 迷茫 / 年龄焦虑,过短,网易云《斑马，斑马》,https://music.163.com/#/song?id=,
山西小伙有力气  ⇒  山东小伙爱总结,34,删,0,Z 其他,过短,网易云《斑马，斑马》,https://music.163.com/#/song?id=,
一个人为了男友来到新疆 今天发烧 38°多 咳嗽的血丝都有 给他发讯息 他没能回我 也没来接我 蹲在门诊门口 哭了半小时 很俗的一句话：原来，我做了这么多，感动的只是我自己罢了 明天回台州 我要很幸福！！  ⇒  又去新疆了吗,34,删,0,D 孤独 / 没人,过短,网易云《斑马，斑马》,https://music.163.com/#/song?id=,
25岁带着45块钱来了武汉，今年28了，有车也有房了，老婆也有了，小孩还有3个月不到就出生了，愿我们都会越来越好  ⇒  越来越好哥,34,删,0,Z 其他,过短,网易云《斑马，斑马》,https://music.163.com/#/song?id=,
上班是为了赚钱 赚钱是为了活着 活着是为了什么  ⇒  因为不敢去死,34,删,0,Z 其他,过短,网易云《斑马，斑马》,https://music.163.com/#/song?id=,
一个人为了男友来到新疆 今天发烧 38°多 咳嗽的血丝都有 给他发讯息 他没能回我 也没来接我 蹲在门诊门口 哭了半小时 很俗的一句话：原来，我做了这么多，感动的只是我自己罢了 明天回台州 我要很幸福！！  ⇒  九年了怎么样了,34,删,0,D 孤独 / 没人,过短,网易云《斑马，斑马》,https://music.163.com/#/song?id=,
有人看得轻，有人看得重，有舍才有得，不要卷自己的心态。  ⇒  收到[感动],34,删,0,Z 其他,过短,网易云《斑马，斑马》,https://music.163.com/#/song?id=,
我和你一样呢宝宝 重感情就是忘不掉以前那些美好的回忆 他不是对的人 你可以试着接受新的人 多谈其他人 到时候你会发现比他好的多的去了  ⇒  好哇[感动],34,删,0,Z 其他,过短,网易云《斑马，斑马》,https://music.163.com/#/song?id=,
"""我考研要考北大"" 父母：""别做梦了"" 同学：""哈哈哈哈"" 亲友：""别想太多"" 课上，一个人坐第一排的多人桌。 课下，一个人独立孤行，不留不等。 我冷血无情，我一心向学，我今年大一。我！很孤独，四年后，我要让所有人羡慕我的孤独。不就是北大么？呵呵  ⇒  6年啦，如何？",34,删,0,D 孤独 / 没人,过短,网易云《孤独》,https://music.163.com/#/song?id=,
"""我考研要考北大"" 父母：""别做梦了"" 同学：""哈哈哈哈"" 亲友：""别想太多"" 课上，一个人坐第一排的多人桌。 课下，一个人独立孤行，不留不等。 我冷血无情，我一心向学，我今年大一。我！很孤独，四年后，我要让所有人羡慕我的孤独。不就是北大么？呵呵  ⇒  考上了吗？",34,删,0,D 孤独 / 没人,过短,网易云《孤独》,https://music.163.com/#/song?id=,
这个里面的背景钢琴曲是什么？？？？求  ⇒  月光奏鸣曲,34,删,0,Z 其他,过短,网易云《孤独》,https://music.163.com/#/song?id=,
"谢谢大家！我会屏蔽那些""别人""的话，我会“坚持做自己”，我会一直努力下去，直到四年后""见到我的努力""。""加油""，我们一起进步。谢谢你们！  ⇒  考上了没",34,删,0,Z 其他,过短,网易云《孤独》,https://music.163.com/#/song?id=,
"""我考研要考北大"" 父母：""别做梦了"" 同学：""哈哈哈哈"" 亲友：""别想太多"" 课上，一个人坐第一排的多人桌。 课下，一个人独立孤行，不留不等。 我冷血无情，我一心向学，我今年大一。我！很孤独，四年后，我要让所有人羡慕我的孤独。不就是北大么？呵呵  ⇒  成功了吗兄弟",34,删,0,D 孤独 / 没人,过短,网易云《孤独》,https://music.163.com/#/song?id=,
这首歌就不收藏了，有人点赞的话点一次回来听一次  ⇒  回来听[认可],34,删,0,Z 其他,过短,网易云《孤独》,https://music.163.com/#/song?id=,
你这句评论和这首歌想表达的南辕北辙  ⇒  赞同[强],34,删,0,Z 其他,过短,网易云《孤独》,https://music.163.com/#/song?id=,
"""我考研要考北大"" 父母：""别做梦了"" 同学：""哈哈哈哈"" 亲友：""别想太多"" 课上，一个人坐第一排的多人桌。 课下，一个人独立孤行，不留不等。 我冷血无情，我一心向学，我今年大一。我！很孤独，四年后，我要让所有人羡慕我的孤独。不就是北大么？呵呵  ⇒  怎么样了兄弟",34,删,0,D 孤独 / 没人,过短,网易云《孤独》,https://music.163.com/#/song?id=,
加油加油～我高考前也一直听这首歌嘿嘿  ⇒  谢谢，已上岸,34,删,0,Z 其他,过短,网易云《孤独》,https://music.163.com/#/song?id=,安慰语命中
加油你是最棒哒  ⇒  谢谢，已上岸,34,删,0,Z 其他,过短,网易云《孤独》,https://music.163.com/#/song?id=,
过两天我就改DJ[邪魅一笑]  ⇒  过了两天了,34,删,0,Z 其他,过短,网易云《孤独》,https://music.163.com/#/song?id=,
觉得会火，兄弟坚持  ⇒  这歌八百年了,34,删,0,Z 其他,过短,网易云《孤独》,https://music.163.com/#/song?id=,
想哭，今天是烂透了的一天，所有的事情都已最厌恶的模样出现在我眼前，包括她，只有我还被困在过去，我讨厌今天，好想回家啊。  ⇒  会过去的没事,34,删,0,Z 其他,过短,网易云《想哭》,https://music.163.com/#/song?id=,安慰语命中
后来火星跟水星相恋 有过了灿烂影踪  ⇒  还有土星环🪐,34,删,0,Z 其他,过短,网易云《想哭》,https://music.163.com/#/song?id=,
15岁，男，普通家庭，成绩差，体育专项，我希望我以后能在奥运会的跑道上为国争光，我叫郭子嘉，20年后我会让这个名字让全中国都知道。一定  ⇒  加油你可以的,34,删,0,F 迷茫 / 年龄焦虑,过短,网易云《富士山下》,https://music.163.com/#/song?id=,安慰语命中
所以这句意思是个什么  ⇒  小说句子宝宝,34,删,0,Z 其他,过短,网易云《富士山下》,https://music.163.com/#/song?id=,
17岁 成绩差 足球强 希望10年后能带着国足进世界杯  ⇒  愿望是好的,34,删,0,Z 其他,过短,网易云《富士山下》,https://music.163.com/#/song?id=,
有没有第一次听歌识曲识别错误的（夏尽时亡）  ⇒  有[大哭],34,删,0,Z 其他,过短,网易云《1분도 못버텨》,https://music.163.com/#/song?id=,
两大让人容易想歪的歌名:《1分钟都撑不住》《1cm的自尊心》  ⇒  卧槽……😂,34,删,0,C 疲惫 / 撑不住,过短,网易云《1분도 못버텨》,https://music.163.com/#/song?id=,
然而过了两个版本救回来了，结果又送了一个粉毛进去，但玩家在这之后跑别的地方救火去了，属于终点见的程度了  ⇒  好娅娅,34,删,0,Z 其他,过短,网易云《别难过》,https://music.163.com/#/song?id=,
弗洛洛：来告诉我，人死到底能不能复生呀  ⇒  残星会给我掉,34,删,0,Z 其他,过短,网易云《别难过》,https://music.163.com/#/song?id=,
当你压力大到快要崩溃，不要跟别人讲，也不要觉得自己委屈，没有人会心疼你。要像余华说的那样:“在夜深人静的时候，把心掏出来，自己缝缝补补，然后睡一觉起来，又是信心百倍。无人问津也好，技不如人也罢，你都要安静下来，去做自己该做的事情，而不是让烦恼和焦虑，毁掉你本就不多的热情和定力。  ⇒  真是余华说的吗,34,删,0,C 疲惫 / 撑不住,过短,网易云《别错过 (Live版)》,https://music.163.com/#/song?id=,
好巧不巧，两件都找错了。  ⇒  同情你一秒,34,删,0,Z 其他,过短,网易云《别错过 (Live版)》,https://music.163.com/#/song?id=,
宝宝请你 两指往中间拉 -- -- -- -- -- --＞ ＜-- -- -- -- -- --  ⇒  ≽^⚈⩊⚈^≼,34,删,0,Z 其他,过短,网易云《别错过 (Live版)》,https://music.163.com/#/song?id=,
宝宝请你 两指往中间拉 -- -- -- -- -- --＞ ＜-- -- -- -- -- --  ⇒  谢谢[笑了],34,删,0,Z 其他,过短,网易云《别错过 (Live版)》,https://music.163.com/#/song?id=,
高三……好累…  ⇒  初三。好累……,34,删,0,C 疲惫 / 撑不住,过短,网易云《有我呢》,https://music.163.com/#/song?id=,
宝宝们我走出来校园霸凌的阴影了 我真的因为他们生病吃了好几年的药物天天哭情绪不稳定生病住院做治疗真的好痛苦好绝望 这样伴随了我四年多 但是我一直在自救 无数次想放弃生命都坚持下来了 现在我的生活慢慢好起来了我遇到了很好的朋友治愈我我跟她们有很多美好快乐的回忆 我觉得我很棒 可以恭喜我吗  ⇒  跟我差不多,34,删,0,Z 其他,过短,网易云《有我呢》,https://music.163.com/#/song?id=,
别emo了，祝我生日快乐，多迟都可以  ⇒  生日快乐🎂,34,删,0,Z 其他,过短,网易云《Sacred Play Secret Place》,https://music.163.com/#/song?id=,
这些人一定会上岸→  ⇒  yy[爱心],34,删,0,Z 其他,过短,网易云《Sacred Play Secret Place》,https://music.163.com/#/song?id=,
我有一个很小众的故事，我在 2027 年来讲，到时候一定要过来听  ⇒  还有104天!,34,删,0,Z 其他,过短,网易云《Sacred Play Secret Place》,https://music.163.com/#/song?id=,
想要来自各省的一句生日快乐🙂  ⇒  生日快乐🎉,34,删,0,Z 其他,过短,网易云《Sacred Play Secret Place》,https://music.163.com/#/song?id=,
前面几秒的喘气声，让我想到像是躺在病床上，手术没有成功，在生命暂停前的告别  ⇒  再见，一路走好,34,删,0,Z 其他,过短,网易云《magnolia》,https://music.163.com/#/song?id=,
2031考上中国人民公安大学侦查学给在场所有人点奶茶！绝不食言！  ⇒  加油[心心],34,删,0,Z 其他,过短,网易云《magnolia》,https://music.163.com/#/song?id=,安慰语命中
不要放弃啊宝宝你一定会好起来的啊宝宝  ⇒  人没了[痛苦],34,删,0,B 失去 / 离别,过短,网易云《magnolia》,https://music.163.com/#/song?id=,
加油啊！你的朋友、母亲还在等你，你的病一定会好要天天开心！世界上还有很多你没看到的东西啊！未来的爱人也等你我虽然是个陌生人但是我也爱你宝宝你一定加油！想哭诉可以来和我说说一定要加油！[亲吻]  ⇒  人没了[痛苦],34,删,0,B 失去 / 离别,过短,网易云《magnolia》,https://music.163.com/#/song?id=,
你还要美好的未来 一定要加油  ⇒  人没了[痛苦],34,删,0,B 失去 / 离别,过短,网易云《magnolia》,https://music.163.com/#/song?id=,
一定要活下去为了我[哭哭]  ⇒  人没了[痛苦],34,删,0,B 失去 / 离别,过短,网易云《magnolia》,https://music.163.com/#/song?id=,
好好生活啊  ⇒  人没了[痛苦],34,删,0,B 失去 / 离别,过短,网易云《magnolia》,https://music.163.com/#/song?id=,
抱抱宝宝，没事的我也痛苦的活着，我现在开学后被人孤立，辱骂  ⇒  人没了[痛苦],34,删,0,B 失去 / 离别,过短,网易云《magnolia》,https://music.163.com/#/song?id=,
都要好好的  ⇒  人没了[痛苦],34,删,0,B 失去 / 离别,过短,网易云《magnolia》,https://music.163.com/#/song?id=,
不要放弃啊 要好好面对的  ⇒  人没了[痛苦],34,删,0,B 失去 / 离别,过短,网易云《magnolia》,https://music.163.com/#/song?id=,
天天开心兄弟  ⇒  你也要开心,34,删,0,Z 其他,过短,网易云《magnolia》,https://music.163.com/#/song?id=,
2031考上中国人民公安大学侦查学给在场所有人点奶茶！绝不食言！  ⇒  加油[装可爱],34,删,0,Z 其他,过短,网易云《magnolia》,https://music.163.com/#/song?id=,安慰语命中
给我发个消息吧。感觉自己被世界抛弃了  ⇒  hello😋,34,删,0,Z 其他,过短,网易云《magnolia》,https://music.163.com/#/song?id=,
想要全国ip的求你别离开我  ⇒  求你别离开我,34,删,0,B 失去 / 离别,过短,网易云《海屿你》,https://music.163.com/#/song?id=,
[发布了语音，请前往最新移动端版本查看]  ⇒  还有一点没唱完,34,删,0,Z 其他,过短,网易云《海屿你》,https://music.163.com/#/song?id=,
祝我抗癌成功  ⇒  一定会过去的,34,删,0,Z 其他,过短,网易云《海屿你》,https://music.163.com/#/song?id=,安慰语命中
希望我妈妈的癌症成功!  ⇒  加油加油加油,34,删,0,Z 其他,过短,网易云《海屿你》,https://music.163.com/#/song?id=,安慰语命中
关于《海屿你》相关事件的维权进展我已发布在笔记当中，大家可以去看  ⇒  亲爱的🐮🍺,34,删,0,Z 其他,过短,网易云《海屿你》,https://music.163.com/#/song?id=,
关于《海屿你》相关事件的维权进展我已发布在笔记当中，大家可以去看  ⇒  到底是谁维权,34,删,0,Z 其他,过短,网易云《海屿你》,https://music.163.com/#/song?id=,
垄断不至于，还有伍乐城，雷颂德等作曲家  ⇒  还有江志仁,34,删,0,Z 其他,过短,网易云《抱抱》,https://music.163.com/#/song?id=,
从来受惯伤害，从头为你等待。  ⇒  别要完全没往来,34,删,0,Z 其他,过短,网易云《抱抱》,https://music.163.com/#/song?id=,
15听这个歌正常吗？[笑了]  ⇒  蹙额🌀…，,34,删,0,Z 其他,过短,网易云《爱我你就抱抱我》,https://music.163.com/#/song?id=,
15听这个歌正常吗？[笑了]  ⇒  有品,34,删,0,Z 其他,过短,网易云《爱我你就抱抱我》,https://music.163.com/#/song?id=,
牛逼坤崽来了  ⇒  好h h h,34,删,0,Z 其他,过短,网易云《爱我你就抱抱我》,https://music.163.com/#/song?id=,
哄我自己的  ⇒  oqu的we,34,删,0,Z 其他,过短,网易云《爱我你就抱抱我》,https://music.163.com/#/song?id=,
今天是2022年10月9号，还剩两个月，自己心里很清楚，自己身体一天不如一天，我也不知道我啥时候会突然离开，当时医院给我说的6个月，眨眨眼就过了4个月，真快呀，医生说了有机会，我也又在好好吃药，如果真的那天突然我不在了，希望你们能记住曾经有个叫薛杰的男孩  ⇒  还在吗[大笑],34,删,0,B 失去 / 离别,过短,网易云《Love Is Gone (Acoustic)》,https://music.163.com/#/song?id=,
有一个问题 主轨道绑着五个人，备用轨道绑着一个人，一辆电车失控驶来，你手边有一个摇杆推下去，牺牲一个人不推，五个人丧生，你会怎么选？  ⇒  性质都是一样的,34,删,0,D 孤独 / 没人,过短,网易云《Love Is Gone (Acoustic)》,https://music.163.com/#/song?id=,
今天是2022年10月9号，还剩两个月，自己心里很清楚，自己身体一天不如一天，我也不知道我啥时候会突然离开，当时医院给我说的6个月，眨眨眼就过了4个月，真快呀，医生说了有机会，我也又在好好吃药，如果真的那天突然我不在了，希望你们能记住曾经有个叫薛杰的男孩  ⇒  你…还在吗……,34,删,0,B 失去 / 离别,过短,网易云《Love Is Gone (Acoustic)》,https://music.163.com/#/song?id=,
今天是2021年7月19号，还剩两个月，自己心里很清楚，自己身体一天不如一天，我也不知道我啥时候会突然离开，当时医院给我说的6个月，眨眨眼就过了4个月，真快呀，医生说了有机会，我也又在好好吃药，如果真的那天突然我不在了，希望你们能记住曾经有个叫柳峥峥的男孩  ⇒  已经不在了……,34,删,0,B 失去 / 离别,过短,网易云《Love Is Gone (Acoustic)》,https://music.163.com/#/song?id=,
考到沈阳了  ⇒  一路顺风☺️,34,删,0,Z 其他,过短,网易云《Love Is Gone (Acoustic)》,https://music.163.com/#/song?id=,
[发布了语音，请前往最新移动端版本查看]  ⇒  怎么没有评论,34,删,0,Z 其他,过短,网易云《Love Is Gone (Acoustic)》,https://music.163.com/#/song?id=,
我经常霸凌别人  ⇒  你去霸凌干啥,34,删,0,Z 其他,过短,网易云《Love Is Gone (Acoustic)》,https://music.163.com/#/song?id=,
你也去吧😂  ⇒  你是施暴者吗,34,删,0,Z 其他,过短,网易云《Love Is Gone (Acoustic)》,https://music.163.com/#/song?id=,
我父亲因为过失杀人，判刑20年。我母亲一辈子只知道赌博，欠一屁股债，后来跟一个大她十几岁的男人跑了。曾经的我颤颤巍巍，跟人说话都瑟瑟发抖。我做过搬运工，当过饲养员，在工厂做过流水线…后面自考本科，快毕业，在备考研！我一直坚信，所有的事情都是上天最好的安排！  ⇒  第二次看到了,34,删,0,H 身体 / 睡眠,过短,网易云《Love Is Gone (Acoustic)》,https://music.163.com/#/song?id=,
我父亲因为过失杀人，判刑20年。我母亲一辈子只知道赌博，欠一屁股债，后来跟一个大她十几岁的男人跑了。曾经的我颤颤巍巍，跟人说话都瑟瑟发抖。我做过搬运工，当过饲养员，在工厂做过流水线…后面自考本科，快毕业，在备考研！我一直坚信，所有的事情都是上天最好的安排！  ⇒  🫵,34,删,0,H 身体 / 睡眠,过短,网易云《Love Is Gone (Acoustic)》,https://music.163.com/#/song?id=,
我经常被校园霸凌  ⇒  你直接欧美他,34,删,0,Z 其他,过短,网易云《Love Is Gone (Acoustic)》,https://music.163.com/#/song?id=,
我物理考差了，我爸一直在骂我，我还要不要继续坚持下去  ⇒  必须狠狠坚持,34,删,0,E 愤怒 / 被欺负,过短,网易云《我不难过》,https://music.163.com/#/song?id=,
这个账号如果五个月内没有注销，那就说明我战胜了胃癌晚期  ⇒  一定要加油,34,删,0,Z 其他,过短,网易云《我不难过》,https://music.163.com/#/song?id=,安慰语命中
最近不经常听这个歌了 路过的提醒我一下拜托啦[爱心]  ⇒  一年了，来听歌,34,删,0,Z 其他,过短,网易云《我不难过》,https://music.163.com/#/song?id=,
这个账号如果五个月内没有注销，那就说明我战胜了胃癌晚期  ⇒  加油加油加油,34,删,0,Z 其他,过短,网易云《我不难过》,https://music.163.com/#/song?id=,安慰语命中
这个账号如果五个月内没有注销，那就说明我战胜了胃癌晚期  ⇒  活到88岁,34,删,0,Z 其他,过短,网易云《我不难过》,https://music.163.com/#/song?id=,
啊抱抱你呀宝宝  ⇒  谢谢你宝宝,34,删,0,Z 其他,过短,网易云《难过》,https://music.163.com/#/song?id=,
叫我婷婷，私信收到我爱你  ⇒  婷婷天天开心,34,删,0,Z 其他,过短,网易云《难过》,https://music.163.com/#/song?id=,
每次想一个人都跑过来听  ⇒  4年了还想吗,34,删,0,D 孤独 / 没人,过短,网易云《我不难过 (Live)》,https://music.163.com/#/song?id=,
我有时候孤独的想哭，这个世界上我的朋友很多，但是没有人听我喜欢的歌，没有人理解我在想什么。人们来来往往，我笑着和他们挥手，心里却空落落的。  ⇒  现在过的好不好,34,删,0,D 孤独 / 没人,过短,网易云《我不难过 (Live)》,https://music.163.com/#/song?id=,
为什么你的头像看起来那么大[晕]  ⇒  因为有个挂件,34,删,0,Z 其他,过短,网易云《我不难过 (Live)》,https://music.163.com/#/song?id=,
谁可以和我凑一对  ⇒  卡不卡性别的？,34,删,0,Z 其他,过短,网易云《失恋》,https://music.163.com/#/song?id=,
26的老阿姨了 家里催的不行 来个同龄的小哥哥凑一对[大哭]  ⇒  找到了吗？,34,删,0,Z 其他,过短,网易云《失恋》,https://music.163.com/#/song?id=,
26的老阿姨了 家里催的不行 来个同龄的小哥哥凑一对[大哭]  ⇒  还有机会认识吗,34,删,0,Z 其他,过短,网易云《失恋》,https://music.163.com/#/song?id=,
但是这首歌是原曲啊 就是歌词不一样  ⇒  原曲泰语歌,34,删,0,Z 其他,过短,网易云《失恋》,https://music.163.com/#/song?id=,
26的老阿姨了 家里催的不行 来个同龄的小哥哥凑一对[大哭]  ⇒  33咯妹妹,34,删,0,Z 其他,过短,网易云《失恋》,https://music.163.com/#/song?id=,
谁赞我谁给我开黑胶！就这么豪横！  ⇒  转我钱就可以,34,删,0,Z 其他,过短,网易云《失恋》,https://music.163.com/#/song?id=,
26的老阿姨了 家里催的不行 来个同龄的小哥哥凑一对[大哭]  ⇒  现在还可以不,34,删,0,Z 其他,过短,网易云《失恋》,https://music.163.com/#/song?id=,
也是因为这句“因为你担心的是你自己”我才认为是写给爱人，在一声声我爱你中告别。但我想了想，如果结合上面的话，我听出来的是“因为你要担心的人是你自己啊”最后，一声声“我爱你”都是在提醒你，爱别人，但也要爱自己，照顾好自己。  ⇒  说的可对了,34,删,0,Z 其他,过短,网易云《关于我爱你》,https://music.163.com/#/song?id=,
2026了还有人看夏日重现吗[哭哭]  ⇒  在看最后一集了,34,删,0,Z 其他,过短,网易云《失恋ソング沢山聴いて 泣いてばかりの私はもう。》,https://music.163.com/#/song?id=,
2026了还有人看夏日重现吗[哭哭]  ⇒  今天刚看完,34,删,0,Z 其他,过短,网易云《失恋ソング沢山聴いて 泣いてばかりの私はもう。》,https://music.163.com/#/song?id=,
这不是一路生花，这是一路生锈[惶恐]  ⇒  法国发个红包,34,删,0,Z 其他,过短,网易云《一路生花》,https://music.163.com/#/song?id=,
明天考研一定要上岸！我们都要成为心中理想的自己！  ⇒  考研已上岸,34,删,0,Z 其他,过短,网易云《一路生花》,https://music.163.com/#/song?id=,
就在刚刚，面试结果出来了！！！面试前三天通知我，笔试递补进面，但三天内我实现了面试第二的逆袭。终于，终于，上岸了，毕业即入编，我做到了！！！  ⇒  恭喜你接好运,34,删,0,Z 其他,过短,网易云《一路生花》,https://music.163.com/#/song?id=,
加油 努力了这么久不是为了走到这里[流泪]！你一定可以的  ⇒  谢谢小宝🥺,34,删,0,Z 其他,过短,网易云《一程山路》,https://music.163.com/#/song?id=,
我在此立誓，一年后从一个胖子练成八块腹肌，如果一年后我没有晒出照片，请在坐各位尽情嘲笑我，  ⇒  26年来报到,34,删,0,Z 其他,过短,网易云《追梦赤子心》,https://music.163.com/#/song?id=,
2025年7月30日，一个近乎产后抑郁的女士开始自救，运动，学习，听歌……  ⇒  女孩子你不会输,34,删,0,Z 其他,过短,网易云《追梦赤子心》,https://music.163.com/#/song?id=,
2025年7月30日，一个近乎产后抑郁的女士开始自救，运动，学习，听歌……  ⇒  女孩你顶天立地,34,删,0,Z 其他,过短,网易云《追梦赤子心》,https://music.163.com/#/song?id=,
同是编制内人员！不过我是20年的考生～祝我们前程似锦  ⇒  加油[可爱],34,删,0,Z 其他,过短,网易云《追梦赤子心》,https://music.163.com/#/song?id=,安慰语命中
我得了白血病，坚持治疗半年了，第一次移植还失败了，不过我不会就这么死去，加油吧，一定会好的[可爱]  ⇒  你还好吗？,34,删,0,A 被否定 / 失败,过短,网易云《追梦赤子心》,https://music.163.com/#/song?id=,
2026年听《追梦赤子心》的人都顺利上岸好不好🥺  ⇒  2027年:,34,删,0,Z 其他,过短,网易云《追梦赤子心》,https://music.163.com/#/song?id=,
妈妈最希望的就是你好好生活  ⇒  好的菲菲,34,删,0,Z 其他,过短,网易云《妈妈》,https://music.163.com/#/song?id=,
这辈子没叫过妈妈，因为我妈妈为了生我去世了，所以我从来不过生日[皱眉]  ⇒  开心点兄弟👬,34,删,0,B 失去 / 离别,过短,网易云《妈妈》,https://music.163.com/#/song?id=,
赵雷也是个瓦学弟  ⇒  这玩笑开不得,34,删,0,Z 其他,过短,网易云《妈妈》,https://music.163.com/#/song?id=,
长大了么孩子  ⇒  荷兰小孩吗🤔,34,删,0,Z 其他,过短,网易云《妈妈》,https://music.163.com/#/song?id=,
赵雷也是个瓦学弟  ⇒  长大了么孩子,34,删,0,Z 其他,过短,网易云《妈妈》,https://music.163.com/#/song?id=,
  ⇒  奇偶开心koò,34,删,0,Z 其他,过短,网易云《我有一个好妈妈》,https://music.163.com/#/song?id=,
鹅子听完我有一个好爸爸后娃他妈不开心了，放好妈妈安慰一下他妈妈[大哭]  ⇒  旁话边%l,34,删,0,Z 其他,过短,网易云《我有一个好妈妈》,https://music.163.com/#/song?id=,
：我有一个好妈妈我从来也不骑。。。😂我家容易唱串了  ⇒  wozwm,34,删,0,Z 其他,过短,网易云《我有一个好妈妈》,https://music.163.com/#/song?id=,
女儿晚上入睡前重复唱这首，好感动  ⇒  dox 9,34,删,0,Z 其他,过短,网易云《我有一个好妈妈》,https://music.163.com/#/song?id=,
数学题好难啊，可是我想带妈妈去更远的地方💕  ⇒  现在 如愿了吗,34,删,0,Z 其他,过短,网易云《MOM》,https://music.163.com/#/song?id=,
我有一个很小众的故事，我在 2027 年来讲，到时候一定要过来听  ⇒  蹲蹲蹲蹲蹲,34,删,0,Z 其他,过短,网易云《MOM》,https://music.163.com/#/song?id=,
我有一个很小众的故事，我在 2027 年来讲，到时候一定要过来听  ⇒  2026了,34,删,0,Z 其他,过短,网易云《MOM》,https://music.163.com/#/song?id=,
我有一个很小众的故事，我在 2027 年来讲，到时候一定要过来听  ⇒  2026年了,34,删,0,Z 其他,过短,网易云《MOM》,https://music.163.com/#/song?id=,
不要在听歌的时候才心疼妈妈哟  ⇒  好的[装可爱],34,删,0,Z 其他,过短,网易云《MOM》,https://music.163.com/#/song?id=,
嗯嗯嗯兄弟你也开心就好[偷笑]  ⇒  非常好听❤️,34,删,0,Z 其他,过短,网易云《MOM》,https://music.163.com/#/song?id=,
在这儿蹲25年还在听MOM的人🙈  ⇒  26年也在听,34,删,0,Z 其他,过短,网易云《MOM》,https://music.163.com/#/song?id=,
我诅咒你们，八十岁了还被爸妈打。  ⇒  谢了，你也是,34,删,0,Z 其他,过短,网易云《MOM》,https://music.163.com/#/song?id=,
很矛盾，为啥我听着有点难听又有点好听[笑哭了]  ⇒  一样😂😂😂,34,删,0,Z 其他,过短,网易云《妈妈》,https://music.163.com/#/song?id=,
刚发三个月，不要急[开心]  ⇒  两年了,34,删,0,Z 其他,过短,网易云《妈妈》,https://music.163.com/#/song?id=,
妈妈还在昏迷中，赶快醒来吧  ⇒  祝福你妈妈,34,删,0,Z 其他,过短,网易云《妈妈》,https://music.163.com/#/song?id=,
我也想活着，不知能不能抗癌成功😭  ⇒  注销了……,34,删,0,Z 其他,过短,网易云《活着》,https://music.163.com/#/song?id=,
我也想活着，不知能不能抗癌成功😭  ⇒  下辈子要幸福,34,删,0,Z 其他,过短,网易云《活着》,https://music.163.com/#/song?id=,
好古老的评论区，有2025的吗😳  ⇒  2026行吗？,34,删,0,Z 其他,过短,网易云《活着》,https://music.163.com/#/song?id=,
我也想活着，不知能不能抗癌成功😭  ⇒  再见了，陌生人,34,删,0,Z 其他,过短,网易云《活着》,https://music.163.com/#/song?id=,
还有今年的吗？感觉评论都好老  ⇒  有的，兄弟,34,删,0,Z 其他,过短,网易云《活着》,https://music.163.com/#/song?id=,
唱歌不用怕跑调，因为生活本来就不着调  ⇒  这个是真摇滚🤘,34,删,0,Z 其他,过短,网易云《活着》,https://music.163.com/#/song?id=,
"记得我最苦的日子,天天愁的睡不着，24的大男人身无分文外债一堆，学历低家境贫，只有一个陪了我7年的傻女友，我甚至无助到在半夜心痛到哭泣，我只能一天19个小时的努力，边学习边工作边陪酒装孙子。今年而立，我有了车买了房，这都不重要，重要的是傻女友变成了傻老婆。  ⇒  对她好点哥",34,删,0,D 孤独 / 没人,过短,网易云《活着》,https://music.163.com/#/song?id=,
好想回到妈妈的肚子里被打掉  ⇒  人生下来必有用,34,删,0,Z 其他,过短,网易云《活着》,https://music.163.com/#/song?id=,
17岁 厨师学徒 两个月 一个月1200 很累 但是从今天开始 加油吧！ 周远勇[呲牙]  ⇒  现在怎么样了,34,删,0,C 疲惫 / 撑不住,过短,网易云《活着》,https://music.163.com/#/song?id=,
叫我一声月月，你会收到不同的私信  ⇒  月月[亲亲],34,删,0,Z 其他,过短,网易云《活着Viva》,https://music.163.com/#/song?id=,
我在等100个女孩子叫我瑞瑞  ⇒  瑞瑞,34,删,0,Z 其他,过短,网易云《活着Viva》,https://music.163.com/#/song?id=,
有没有推荐的粤语歌[提问]  ⇒  月半小夜曲,34,删,0,Z 其他,过短,网易云《活着Viva》,https://music.163.com/#/song?id=,
只有12天就中考了，祝自己中考必胜!  ⇒  中考怎么样,34,删,0,Z 其他,过短,网易云《活着Viva》,https://music.163.com/#/song?id=,
希望我能从广州就医活着回来  ⇒  下辈子来上海,34,删,0,Z 其他,过短,网易云《活着Viva》,https://music.163.com/#/song?id=,
叫我一声婉婉，你会收到不同的私信  ⇒  婉婉你干啥,34,删,0,Z 其他,过短,网易云《活着Viva》,https://music.163.com/#/song?id=,
希望我能从广州就医活着回来  ⇒  账号已注销,34,删,0,Z 其他,过短,网易云《活着Viva》,https://music.163.com/#/song?id=,
听说评论区能发语音唱歌了 我来试试[偷窥]温州见 两天都是380 又要看皇帝位了[笑哭了] [发布了语音，请前往最新移动端版本查看]  ⇒  真的好好听！！,34,删,0,Z 其他,过短,网易云《活着Viva》,https://music.163.com/#/song?id=,
[发布了语音，请前往最新移动端版本查看]  ⇒  👍🏻👍🏻👍🏻,34,删,0,Z 其他,过短,网易云《活着Viva》,https://music.163.com/#/song?id=,
阁挽独生女在线疑惑  ⇒  ？阁挽99,34,删,0,Z 其他,过短,网易云《活着Viva》,https://music.163.com/#/song?id=,
“陈挽，追我不用太礼貌”  ⇒  唔该陈挽bb,34,删,0,Z 其他,过短,网易云《活着Viva》,https://music.163.com/#/song?id=,
能祝我天天开心吗[哭哭]  ⇒  祝你天天开心,34,删,0,Z 其他,过短,网易云《失眠》,https://music.163.com/#/song?id=,
如果我没有认识你就好了 你也不会和我表白 你也不会恨我 我不会谈恋爱 原谅我 你和我表白的日子我记得清清楚楚 但是分手后的日子我记不清 我做梦 梦到过你 为什么我就是忘不掉你 我们从2020年就成为同学 我也暗恋过你 从4年级开始我对你有了一些好感 在2026年9月29那天 你向我表了白 我开始没反应过来  ⇒  回家后你在KS上给我发消息 我问考虑的怎么样了 我以为你在骗我 你说是真的 我同意了 你对我很好 我没有珍惜你 我很后悔 我到底在做什么 6下 你转学了 当时你坐在我的后面 我不知道为什么不敢回头看你 可能是因为我们早就分手了 我只能记清 是10月 10月23日那天是我的生日你给我送了4盒糖你记得我爱吃糖,34,删,0,B 失去 / 离别,偏长,网易云《失眠》,https://music.163.com/#/song?id=,
一个人抗癌4年了，真的好累  ⇒  加油[举手],34,删,0,C 疲惫 / 撑不住,过短,网易云《失眠》,https://music.163.com/#/song?id=,安慰语命中
一个人抗癌4年了，真的好累  ⇒  加油[感动],34,删,0,C 疲惫 / 撑不住,过短,网易云《失眠》,https://music.163.com/#/song?id=,安慰语命中
你是否也会成为爱别人的NPC呢？  ⇒  不[难过],34,删,0,Z 其他,过短,网易云《失眠》,https://music.163.com/#/song?id=,
高中毕业. 和自己喜欢的女孩在一起了. 如此平凡的我. 能遇到她. 是我这辈子最幸运的事. 我会永远爱她.  ⇒  99[装可爱],34,删,0,Z 其他,过短,网易云《失眠》,https://music.163.com/#/song?id=,
这歌太好听了吧，我本来在耕田，听到这曲子就跟打了鸡血一样，做了30000个俯卧撑， 喝了300瓶青岛啤酒，30罐红牛，吃了100包辣条，一脚把牛踢开了，自己耕了20亩地，假如百年之后，还请在我坟头唱此歌曲，吾自当破土而出守我华夏，击退强敌，记住别用混泥土 我怕我拱不出来  ⇒  那很好听了,34,删,0,Z 其他,过短,网易云《失眠》,https://music.163.com/#/song?id=,
不是，初中二年到高中三年，大学一年，我和他报了同一志愿。一起上大学。  ⇒  加油，你可以,34,删,0,Z 其他,过短,网易云《失眠》,https://music.163.com/#/song?id=,安慰语命中
这么多年没一个人爱我 我连父母的陪伴都没得到 我总是想逼自己变得很成熟 觉得那样子就可以抵挡一切困难可我发现我错了走错太多路了 活成自己最讨厌的样子了  ⇒  自己爱自己,34,删,0,D 孤独 / 没人,过短,网易云《失眠 (Cover Suki刘舒妤)》,https://music.163.com/#/song?id=,
今天是26年7月18日，这首歌是她最喜欢的，我们在一起听歌听了4629分钟，就在昨天晚上她去世了，喝农药走的准确说是被父母老师逼的，她的原生家庭并不好常常遭到父母的打骂十几年来亦是如此，她总是告诉我要好好爱自己可她呢她为什么不好好爱自己呢，我感觉现在天塌了，我都不知道以后的路要怎么走了  ⇒  节哀 天天开心,34,删,0,B 失去 / 离别,过短,网易云《失眠 (Cover Suki刘舒妤)》,https://music.163.com/#/song?id=,
“那女娃子送你的是银包金啊，小伙子........”  ⇒  满穗[很棒],34,删,0,Z 其他,过短,网易云《失眠 (Cover Suki刘舒妤)》,https://music.163.com/#/song?id=,
最近压力好大，大家可以对我说一句我爱你吗？😭谢谢！  ⇒  宝宝天天开心,34,删,0,Z 其他,过短,网易云《失眠 (Cover Suki刘舒妤)》,https://music.163.com/#/song?id=,
人活着的意义是什么  ⇒  再次体验死去,34,删,0,F 迷茫 / 年龄焦虑,过短,网易云《失眠 (Cover Suki刘舒妤)》,https://music.163.com/#/song?id=,
李憬轩，失踪年龄：10岁，身高135cm。 于2022年7月15日失踪于：重庆市南岸区大兴场码头盲区。 特征：左肩甲后背有指甲盖大小肉色胎记，头顶中间有黑痣。 希望宝贝平安回家 你的妈妈在等你，我不是那个妈妈，如果好心人看见了帮忙，（我是转发的第887个）看到的传下去  ⇒  愿天下无拐,34,删,0,F 迷茫 / 年龄焦虑,过短,网易云《失眠 (Cover Suki刘舒妤)》,https://music.163.com/#/song?id=,
这一幕让我想到了初音离开了时光。  ⇒  是楚莹离开时光,34,删,0,B 失去 / 离别,过短,网易云《失眠（抖音最火版）》,https://music.163.com/#/song?id=,
考研真的很焦虑，我究竟能考上北航吗，每天都在想进度，唉。  ⇒  加油一起上岸,34,删,0,Z 其他,过短,网易云《焦虑》,https://music.163.com/#/song?id=,安慰语命中
我也超级想考上 我真的很想去9看看  ⇒  加油一起上岸,34,删,0,Z 其他,过短,网易云《焦虑》,https://music.163.com/#/song?id=,安慰语命中
我从农村考到城里 但是老师看不起我 因为我的初中学校风评很不好 到高二我真的很焦虑 我本身可以考500左右 但高二因为焦虑和家中的一些变故我经常请假 现在我高三了我不知道要怎么办 我昨天又因为请假被老师劝读单招了 但我没到读单招的地步 我要怎么办啊  ⇒  尽人事听天命,34,删,0,F 迷茫 / 年龄焦虑,过短,网易云《焦虑》,https://music.163.com/#/song?id=,
我初二一整年没学还来的及吗？  ⇒  现在耍还来得及,34,删,0,Z 其他,过短,网易云《焦虑》,https://music.163.com/#/song?id=,
什么时候能治好癌症  ⇒  加油总有一天的,34,删,0,Z 其他,过短,网易云《焦虑》,https://music.163.com/#/song?id=,安慰语命中
上学的每一天都在焦虑…同样的老师为啥我就是学不会就是不如别人  ⇒  重复更多次,34,删,0,Z 其他,过短,网易云《焦虑》,https://music.163.com/#/song?id=,
哈喽asen哥距离中考还有68天我废了感觉已经来不及了 虽然已经比上次考试进步了101分 但我现在成绩依旧很差 距离我的目标还有180分 而且我的体育和实验都没有满分 现在我的爸爸已经基本放弃我了 我妈妈依旧在支持我学习 她想尽了一切办法搞到钱帮我补习 如果没考上的话 真的不知道该怎么弥补她  ⇒  兄弟放心做自己,34,删,0,A 被否定 / 失败,过短,网易云《焦虑》,https://music.163.com/#/song?id=,
到底谁在听这种歌 闹不闹  ⇒  还在烦串不串,34,删,0,Z 其他,过短,网易云《焦虑Pt.2/膨胀》,https://music.163.com/#/song?id=,
这么激动吗[偷笑]可惜被删了，啥也看不见[感动]  ⇒  喊主人来讲话,34,删,0,Z 其他,过短,网易云《焦虑Pt.2/膨胀》,https://music.163.com/#/song?id=,
看了一大堆评论区 我觉得这歌挺好的呀 作者说的新朋友其实就是他自己 还有很多词可能不懂作者所说的意思所以导致误解吧 你懂我意思吧！  ⇒  新朋友是焦虑,34,删,0,Z 其他,过短,网易云《焦虑》,https://music.163.com/#/song?id=,
哈哈哈，这是双棒儿+九维  ⇒  双棒儿的歌好听,34,删,0,Z 其他,过短,网易云《焦虑》,https://music.163.com/#/song?id=,
写歌就写歌 偏得搞反面教材 分享给女朋友被骂了一顿[伤心]  ⇒  收起你的分享欲,34,删,0,E 愤怒 / 被欺负,过短,网易云《焦虑》,https://music.163.com/#/song?id=,
丫够燥的，这是北京口音  ⇒  标准的廊坊口音,34,删,0,Z 其他,过短,网易云《焦虑》,https://music.163.com/#/song?id=,
Choro das Águas的采样么好熟悉的旋律  ⇒  对的 开头,34,删,0,Z 其他,过短,网易云《焦虑》,https://music.163.com/#/song?id=,
歌挺好的，为什么非得又是裤裆又是前女友傍大款  ⇒  真实的词这咋了,34,删,0,Z 其他,过短,网易云《焦虑》,https://music.163.com/#/song?id=,
九维不是龙胆紫的啊，九维是in3family的，况且这首和九维有啥关系  ⇒  这和九维太像了,34,删,0,Z 其他,过短,网易云《焦虑》,https://music.163.com/#/song?id=,
是不是换封面了啊  ⇒  张方钊魔了,34,删,0,Z 其他,过短,网易云《我有点焦虑》,https://music.163.com/#/song?id=,
别到处找抽象文案了吧宝宝，好好生活吧因为你的人生更好笑呀(⁠≧⁠(⁠ｴ⁠)⁠≦⁠ ⁠)  ⇒  你刺痛我了，,34,删,0,Z 其他,过短,网易云《我有点焦虑》,https://music.163.com/#/song?id=,
我有点焦虑  ⇒  高考600+,34,删,0,Z 其他,过短,网易云《我有点焦虑》,https://music.163.com/#/song?id=,
我有点焦虑 我也想。。。  ⇒  早睡又早起,34,删,0,Z 其他,过短,网易云《我有点焦虑》,https://music.163.com/#/song?id=,
我为什么学不进去  ⇒  多做少想,34,删,0,Z 其他,过短,网易云《我有点焦虑》,https://music.163.com/#/song?id=,
单曲循环的应该是00初90末的那一批  ⇒  80末90初,34,删,0,Z 其他,过短,网易云《一个人》,https://music.163.com/#/song?id=,
我试着把孤独藏进耳机用琴键代替  ⇒  走向都一样,34,删,0,D 孤独 / 没人,过短,网易云《一个人》,https://music.163.com/#/song?id=,
先斩意中人  ⇒  终于找到你了,34,删,0,Z 其他,过短,网易云《遗憾》,https://music.163.com/#/song?id=,
这首歌就不收藏了，你们赞一次或评论一下我听一次，挺有仪式感的哈哈哈  ⇒  回来听歌啦,34,删,0,Z 其他,过短,网易云《遗憾》,https://music.163.com/#/song?id=,
不删他 内耗能杀死我 删了他 思念会杀死我 诸位军师 这局何解.  ⇒  一切都交给时间,34,删,0,Z 其他,过短,网易云《遗憾》,https://music.163.com/#/song?id=,
不删他 内耗能杀死我 删了他 思念会杀死我 诸位军师 这局何解.  ⇒  交给时间……,34,删,0,Z 其他,过短,网易云《遗憾》,https://music.163.com/#/song?id=,
Hi，过路人，我不求你能在几万评论里看见我，如果你看见我了，说明你很幸运，我知道你们也有故事，只是没说。如果我还没注销账号，说明我还活着，最后…祝你们平安吧[脸红]  ⇒  还在吗宝宝,34,删,0,Z 其他,过短,网易云《遗憾》,https://music.163.com/#/song?id=,
若有一天不喜欢这些歌了，应该是过得快乐了  ⇒  你应该快乐了,34,删,0,Z 其他,过短,网易云《遗憾》,https://music.163.com/#/song?id=,
有没有这种曲风的歌曲推荐[装可爱]  ⇒  为你我受冷风吹,34,删,0,Z 其他,过短,网易云《遗憾》,https://music.163.com/#/song?id=,
有没有这种曲风的歌曲推荐[装可爱]  ⇒  别在伤口撒盐,34,删,0,Z 其他,过短,网易云《遗憾》,https://music.163.com/#/song?id=,
希望大家喜欢[许愿]  ⇒  喜欢喜欢💕,34,删,0,Z 其他,过短,网易云《遗憾》,https://music.163.com/#/song?id=,
希望大家喜欢[许愿]  ⇒  喜欢喜欢姐姐,34,删,0,Z 其他,过短,网易云《遗憾》,https://music.163.com/#/song?id=,
这首歌一定会火  ⇒  很久已经火了,34,删,0,Z 其他,过短,网易云《遗憾的告别》,https://music.163.com/#/song?id=,
没人听吗？我感觉好好听诶，满足我对粤语说唱的喜欢了[心动]  ⇒  可以去听戒不掉,34,删,0,D 孤独 / 没人,过短,网易云《遗憾的告别》,https://music.163.com/#/song?id=,
看到这条的考生都成功上岸！[多多可怜]  ⇒  希望如你所说,34,删,0,Z 其他,过短,网易云《加油！》,https://music.163.com/#/song?id=,
九年级了冲刺班好累啊，但是希望可以进曹二！  ⇒  加油吖宝贝,34,删,0,C 疲惫 / 撑不住,过短,网易云《加油！》,https://music.163.com/#/song?id=,安慰语命中
[发布了语音，请前往最新移动端版本查看]  ⇒  好听[装可爱],34,删,0,Z 其他,过短,网易云《加油！》,https://music.163.com/#/song?id=,
小朋友可能不太懂歌的意思，但是对于打工人，这首歌很重要！！！  ⇒  🗄㇏′′′,34,删,0,Z 其他,过短,网易云《加油鸭》,https://music.163.com/#/song?id=,
  ⇒  ba l lo,34,删,0,Z 其他,过短,网易云《加油鸭》,https://music.163.com/#/song?id=,
你们会员从哪来的  ⇒  妈妈的😞臼🥔,34,删,0,Z 其他,过短,网易云《加油鸭》,https://music.163.com/#/song?id=,
我想妈妈了，可是我不愿意与别人共享我的妈妈的爱，我讨厌他，我已经冷落妈妈几天了，我想妈妈了  ⇒  想她就要说出来,34,删,0,Z 其他,过短,网易云《加油》,https://music.163.com/#/song?id=,
现在如何啦[装可爱]  ⇒  在准备考研啦,34,删,0,Z 其他,过短,网易云《加油（0.8）》,https://music.163.com/#/song?id=,
高考倒计时16天 真的心态炸裂 好焦虑 退步好多好多  ⇒  考的怎么样,34,删,0,Z 其他,过短,网易云《加油（0.8）》,https://music.163.com/#/song?id=,
此刻我大一，现在挣钱的想法都冲出我的脑袋，比期末周的考试还急迫。你会不会想说我想钱想疯了。是的，我不想再让父母操劳了，只想快快读书出去挣钱。现在还被期末周的大物折磨，学崩溃了就来听一遍加油。[EMO听歌] 期末周过后要搬宿舍，搬完就去学校附近找找工作，找不到就下发广东电子厂。加油加油！  ⇒  不如送外卖,34,删,0,C 疲惫 / 撑不住,过短,网易云《加油（0.8）》,https://music.163.com/#/song?id=,
恋爱脑怎么了 永远喜欢我的小祈宝宝  ⇒  可能都忘了,34,删,0,Z 其他,过短,网易云《加油（0.8）》,https://music.163.com/#/song?id=,
高考倒计时16天 真的心态炸裂 好焦虑 退步好多好多  ⇒  怎么样宝宝,34,删,0,Z 其他,过短,网易云《加油（0.8）》,https://music.163.com/#/song?id=,
表白就表白 揪别人耳朵干嘛  ⇒  666笑死我了,34,删,0,Z 其他,过短,网易云《加油（0.8）》,https://music.163.com/#/song?id=,
里奥天生痛苦耍起  ⇒  奥家军有面,34,删,0,Z 其他,过短,网易云《天生痛苦》,https://music.163.com/#/song?id=,
阿帕兹阿帕兹  ⇒  aptapt,34,删,0,Z 其他,过短,网易云《天生痛苦》,https://music.163.com/#/song?id=,
我们共听有多少啊🤔  ⇒  92首,34,删,0,Z 其他,过短,网易云《天生痛苦》,https://music.163.com/#/song?id=,
听sasi的都很大  ⇒  没毛[很棒],34,删,0,Z 其他,过短,网易云《天生痛苦》,https://music.163.com/#/song?id=,
马上又要老一岁了啊  ⇒  祝你永远17,34,删,0,Z 其他,过短,网易云《天生痛苦》,https://music.163.com/#/song?id=,
好想把所有社交平台账号都注销了然后去死啊  ⇒  希望你平安,34,删,0,Z 其他,过短,网易云《在痛苦彻底撕裂之前》,https://music.163.com/#/song?id=,
大家都是从哪里发现这首曲子的💫  ⇒  买匕首的小店,34,删,0,Z 其他,过短,网易云《在痛苦彻底撕裂之前》,https://music.163.com/#/song?id=,
今天怎么样  ⇒  这几天感冒了,34,删,0,Z 其他,过短,网易云《爱欲求》,https://music.163.com/#/song?id=,
还整这个 不过我在学校那会就听这个 你又抄  ⇒  你来打我噻,34,删,0,Z 其他,过短,网易云《爱欲求》,https://music.163.com/#/song?id=,
能理我一下吗。  ⇒  起来喝稀饭了,34,删,0,Z 其他,过短,网易云《爱欲求》,https://music.163.com/#/song?id=,
有高品味人群评论一下我的歌单吗  ⇒  这才叫音乐,34,删,0,Z 其他,过短,网易云《爱欲求》,https://music.163.com/#/song?id=,
综艺粉闹麻了[大哭]这个专辑这辈子都不可能风评逆转  ⇒  杀软[笑哭了],34,删,0,Z 其他,过短,网易云《直视痛苦》,https://music.163.com/#/song?id=,
一句zmjjkk下去 一点听的欲望都没了  ⇒  听说唱的来了,34,删,0,B 失去 / 离别,过短,网易云《直视痛苦》,https://music.163.com/#/song?id=,
有没有可能我串呢  ⇒  一级搁这串？,34,删,0,Z 其他,过短,网易云《直视痛苦》,https://music.163.com/#/song?id=,
许愿一个女朋友，不需要太好看  ⇒  有缘自会相遇,34,删,0,Z 其他,过短,网易云《告别》,https://music.163.com/#/song?id=,
又被你撞见了啊，哈哈又少一天了 地球Online服务器正常运营，游戏仍在照常进行， 我已通关全部主线剧情，剩余三十天静待离场。不可存档，无法重启，倒计时结束即永久退服， 愿诸位玩家，尽兴此生，一路无憾。  ⇒  又遇到你了晚安,34,删,0,Z 其他,过短,网易云《告别》,https://music.163.com/#/song?id=,
伴奏一样而已  ⇒  伴奏共用的吗,34,删,0,Z 其他,过短,网易云《告别》,https://music.163.com/#/song?id=,
想收到不同IP的文文天天开心  ⇒  文文天天开心,34,删,0,Z 其他,过短,网易云《告别》,https://music.163.com/#/song?id=,
接我今年意外死亡  ⇒  好好活着我爱你,34,删,0,Z 其他,过短,网易云《告别》,https://music.163.com/#/song?id=,
呃这算抄袭吗  ⇒  抄袭哪一首,34,删,0,Z 其他,过短,网易云《告别》,https://music.163.com/#/song?id=,
8.11日 窗外下小雨 妍妍要是能一直和我在一起就好了 但是我知道没人会陪我一辈子 唉  ⇒  妍妍是谁是,34,删,0,D 孤独 / 没人,过短,网易云《告别》,https://music.163.com/#/song?id=,
mua 好好生活哦  ⇒  嚎你也是^ ^,34,删,0,Z 其他,过短,网易云《告别》,https://music.163.com/#/song?id=,
天天开心 我爱你  ⇒  宝宝T_T,34,删,0,Z 其他,过短,网易云《告别》,https://music.163.com/#/song?id=,
这调调怎么跟 网恋 那么像  ⇒  一个beat,34,删,0,Z 其他,过短,网易云《告别》,https://music.163.com/#/song?id=,
每次听都想哭😭  ⇒  有一种…破碎感,34,删,0,Z 其他,过短,网易云《告别》,https://music.163.com/#/song?id=,
2025了，还有人听吗  ⇒  有的兄弟有的,34,删,0,Z 其他,过短,网易云《告别》,https://music.163.com/#/song?id=,
2025了，还有人听吗  ⇒  此刻正在听……,34,删,0,Z 其他,过短,网易云《告别》,https://music.163.com/#/song?id=,
金子不该被埋没 好听的歌不该独享 我要去抖音上推广一下  ⇒  好的 快去快去,34,删,0,Z 其他,过短,网易云《告别》,https://music.163.com/#/song?id=,
真的好听👂  ⇒  蟹蟹[装可爱],34,删,0,Z 其他,过短,网易云《告别》,https://music.163.com/#/song?id=,
为啥18年的歌比2026年的很多歌还好听  ⇒  谢谢[装可爱],34,删,0,Z 其他,过短,网易云《告别》,https://music.163.com/#/song?id=,
《路边野餐》是跟男朋友去电影院看的，我看哭了，他睡着了…后来我们结婚，有了个可爱的女儿，再后来他成为了我前夫，现在仅仅只是我女儿的爸爸… 我仍能想起那晚电影院里的场景，很多事情都有伏笔 恍惚，从二十几到三十多岁的黄金十几年，就这样在纷扰、分离，和奔波中度过了  ⇒  如果你们没有结婚生子，而是因为某种原因导致不得不分开。和当前你们现在的人生经历相比，哪一种没有遗憾和难以忘怀呢？可能两者无论哪一种都差不多吧。人生真好似是湍流不息之长河，只消那么一眨眼就已经风云变幻沧海桑田，那遥远的，已不可触及只能回味的故乡，破碎迷离销殒在一去不回的青春岁月里了,32,删,0,Z 其他,文艺腔词汇,网易云《告别》,https://music.163.com/#/song?id=,
姐姐对花蝴蝶有信心吗  ⇒  有！！！！！,30,删,227,Z 其他,过短,网易云《遗憾》,https://music.163.com/#/song?id=,
垄断不至于，还有伍乐城，雷颂德等作曲家  ⇒  还有陈光荣。,30,删,18,Z 其他,过短,网易云《抱抱》,https://music.163.com/#/song?id=,
好好听[装可爱]粤语好难[EMO听歌]好好听[装可爱]粤语好难[EMO听歌]好好听[装可爱]粤语好难[EMO听歌]好好听[装可爱]粤语好难[EMO听歌]好好听[装可爱]粤语好难[EMO听歌]好好听[装可爱]粤语好难[EMO听歌]好好听[装可爱]粤语好难[EMO听歌]好好听[装可爱]粤语好难[EMO听歌] [发布了语音，请前往最新移动端版本查看]  ⇒  怎么这么好听。,30,删,1,Z 其他,过短,网易云《活着Viva》,https://music.163.com/#/song?id=,
25年被霸凌了休学了好久不知道怎么振作起来的，26年滚回老家读书好累好苦，我一定要读出个名堂给那些人看  ⇒  加油！！！,30,删,0,C 疲惫 / 撑不住,过短,网易云《斑马，斑马》,https://music.163.com/#/song?id=,安慰语命中
每天都有人听斑马，今天也是  ⇒  今天也是。,30,删,0,Z 其他,过短,网易云《斑马，斑马》,https://music.163.com/#/song?id=,
宝宝们我走出来校园霸凌的阴影了 我真的因为他们生病吃了好几年的药物天天哭情绪不稳定生病住院做治疗真的好痛苦好绝望 这样伴随了我四年多 但是我一直在自救 无数次想放弃生命都坚持下来了 现在我的生活慢慢好起来了我遇到了很好的朋友治愈我我跟她们有很多美好快乐的回忆 我觉得我很棒 可以恭喜我吗  ⇒  太厉害了宝宝！,30,删,0,Z 其他,过短,网易云《有我呢》,https://music.163.com/#/song?id=,
“见一面都很难的人，居然还在幻想着有以后。”  ⇒  破防了。。,30,删,0,F 迷茫 / 年龄焦虑,过短,网易云《海屿你》,https://music.163.com/#/song?id=,
他只属于过去 不属于你的未来  ⇒  yesss！,30,删,0,F 迷茫 / 年龄焦虑,过短,网易云《Love Is Gone (Acoustic)》,https://music.163.com/#/song?id=,
《我不难过》和《开始懂了》搭配服用，简直致死量 ​​​  ⇒  还有漩涡。,30,删,0,Z 其他,过短,网易云《我不难过 (Live)》,https://music.163.com/#/song?id=,
眼泪流干了就不会再流  ⇒  也会一直流！,30,删,0,Z 其他,过短,网易云《我不难过 (Live)》,https://music.163.com/#/song?id=,
中考加油！  ⇒  中考加油！,30,删,0,Z 其他,过短,网易云《一程山路》,https://music.163.com/#/song?id=,安慰语命中
今天是我第四次化疗，2026一定抗癌成功！  ⇒  加油，肯定会。,30,删,0,Z 其他,过短,网易云《一程山路》,https://music.163.com/#/song?id=,安慰语命中
我是家里第一位高中生，也是第一位大学生，最后94天，我也一定要成为家里的第一位研究生！  ⇒  加油！！！！,30,删,0,Z 其他,过短,网易云《一程山路》,https://music.163.com/#/song?id=,安慰语命中
27年我要当大学生！  ⇒  一起加油！,30,删,0,Z 其他,过短,网易云《一程山路》,https://music.163.com/#/song?id=,安慰语命中
18岁帮助父母还债四万，19岁自己腰伤连带和女友考驾照，给妈妈看病花了将近五万，两年里里外外将近十万，一个月薪水只有四千，我只是个初中毕业生，农村人没有文凭没有本事，万事靠自己，还好有我最爱的女人一直陪伴着我，现在我一个月能拿到六千块，计划买车了，祝福我们吧，我今年20从未放弃过  ⇒  加油！！！,30,删,0,Z 其他,过短,网易云《追梦赤子心》,https://music.163.com/#/song?id=,安慰语命中
考研真的很焦虑，我究竟能考上北航吗，每天都在想进度，唉。  ⇒  焦虑都要上岸！,30,删,0,Z 其他,过短,网易云《焦虑》,https://music.163.com/#/song?id=,
对不起领居 我家没有在装修 我只是活的太累在用屁股撞吸在墙上的假吧唧  ⇒  后悔看懂中文。,30,删,0,C 疲惫 / 撑不住,过短,网易云《焦虑》,https://music.163.com/#/song?id=,
Hi，过路人，我不求你能在几万评论里看见我，如果你看见我了，说明你很幸运，我知道你们也有故事，只是没说。如果我还没注销账号，说明我还活着，最后…祝你们平安吧[脸红]  ⇒  不要注销！,30,删,0,Z 其他,过短,网易云《遗憾》,https://music.163.com/#/song?id=,
在准备考研的路上啦[红心]  ⇒  你咋这么棒！,30,删,0,Z 其他,过短,网易云《加油（0.8）》,https://music.163.com/#/song?id=,
有高品味人群评论一下我的歌单吗  ⇒  太有品了。,30,删,0,Z 其他,过短,网易云《爱欲求》,https://music.163.com/#/song?id=,
很快了[乞求]  ⇒  期待！！！,30,删,0,Z 其他,过短,网易云《告别》,https://music.163.com/#/song?id=,
如果一生只能见你六次 我能否每一次见面都拿走一些我没得到过的东西 第一次见你 在你的五岁 我要得到的是为我而流的眼泪 我要用恶劣的手段拿走我想要的东西 我要假装走你最爱吃的糖 我要把你搭的高高的积木推倒 你会哭吗 那双还不会藏情绪的眼睛 会第一次因为我而起雾吗  ⇒  第二次见你 在你的十七岁 十七这个数字听着就很美好 既没有十六那么稚嫩 也没有十八那么成熟 是介于两者之间的青涩 刚刚好适合心动 我要得到的是你的爱 那份最真挚的爱 我想为你写一首诗 我想带你逃一个晚自习去看月亮 我想你抱抱我 对我说:我们一辈子,28,删,0,Z 其他,引用名人/书里的话,网易云《Sacred Play Secret Place》,https://music.163.com/#/song?id=,安慰语命中
我怕当我下次来的时候它不可以听了[流泪]  ⇒  就像《我的心 拜托了》[流泪]它网易就没版权了,27,删,1,Z 其他,书名号引用,网易云《1분도 못버텨》,https://music.163.com/#/song?id=,
老师歌词还得打磨 有点味道但是没什么深度更别说听感了 没be听不下去 不知道你想表达啥  ⇒  先不说别的你能写出来这个歌词吗？,27,删,1,F 迷茫 / 年龄焦虑,翻译/转载,网易云《焦虑》,https://music.163.com/#/song?id=,
感觉伴奏好熟悉，但不知道歌名[提问]  ⇒  或许是《坏女孩》？,27,删,0,F 迷茫 / 年龄焦虑,书名号引用,网易云《难过》,https://music.163.com/#/song?id=,
旋木，因作词人而来，我不难过，😮‍💨  ⇒  那你听《休止符》和《没有人的方向》了吗？,27,删,0,F 迷茫 / 年龄焦虑,书名号引用,网易云《我不难过 (Live)》,https://music.163.com/#/song?id=,
昨天有人告诉我有这么一首歌。“再看一眼，一眼就要老了，再笑一笑，一笑就要走了，在曾经同向的航行后”。真是隽永。  ⇒  以前的歌词就像诗歌,27,删,0,B 失去 / 离别,翻译/转载,网易云《告别》,https://music.163.com/#/song?id=,
向前看，连续播放5次今天晚上这首歌！  ⇒  我也是[多多可怜]好喜欢这个旋律和歌词啊,26,删,1,Z 其他,翻译/转载；音乐评论，不是陪伴语言,网易云《我不难过 (Live)》,https://music.163.com/#/song?id=,
妈妈是在我怀里走的，肺癌，远离了痛苦，也远离了我们。 想你妈妈。  ⇒  同，快半年了，一个人的时候无数次的落泪，今年的桂花又开了，可惜她再也闻不到了，去年桂花开了三茬，一直到最后十月份，我还给她说，给她打气。今年生病住院，打麻醉在床上躺着混混沌沌的时候 才体会到，去年那个时候她不愿意吃镇痛药说吃了人都不清醒是什么感觉，我劝她坚持吃药，她原来只想清醒点,24,删,1,D 孤独 / 没人,引用名人/书里的话,网易云《妈妈》,https://music.163.com/#/song?id=,
人这一辈子千万不要马虎两件事 一是找对爱人 二是找对事业 太阳升起时要投身事业 太阳落山时要与爱人相拥的 我们终其一生都在寻找两件事 一是价值感 二是归属感 价值感来源于肯定 归属感来源于被爱  ⇒  [欣赏音乐],24,删,0,Z 其他,标题式开头；过短,网易云《别错过 (Live版)》,https://music.163.com/#/song?id=,
总有一天这首歌会达到10w+ 我的评论会被淹没， 后到者们疯狂地刷着评论， 殊不知， 我们才是第一批到达这儿的拾荒者。 ---------2026.7.17[VIP]  ⇒  [VIP],24,删,0,Z 其他,标题式开头；过短,网易云《别错过 (Live版)》,https://music.163.com/#/song?id=,
当你压力大到快要崩溃，不要跟别人讲，也不要觉得自己委屈，没有人会心疼你。要像余华说的那样:“在夜深人静的时候，把心掏出来，自己缝缝补补，然后睡一觉起来，又是信心百倍。无人问津也好，技不如人也罢，你都要安静下来，去做自己该做的事情，而不是让烦恼和焦虑，毁掉你本就不多的热情和定力。  ⇒  [生病]我去,24,删,0,C 疲惫 / 撑不住,标题式开头；过短,网易云《别错过 (Live版)》,https://music.163.com/#/song?id=,
兄弟们，明天就要去驻守边疆，保家卫国，2030年见[呲牙]  ⇒  [装可爱],24,删,0,Z 其他,标题式开头；过短,网易云《有我呢》,https://music.163.com/#/song?id=,
我有一个很小众的故事，我在 2027 年来讲，到时候一定要过来听  ⇒  [装可爱],24,删,0,Z 其他,标题式开头；过短,网易云《Sacred Play Secret Place》,https://music.163.com/#/song?id=,
抱抱宝宝 宝宝天天开心 你的妈妈一定不想看到你不开心 她一定希望你天天开心的  ⇒  [欣赏音乐],24,删,0,Z 其他,标题式开头；过短,网易云《爱我你就抱抱我》,https://music.163.com/#/song?id=,
我跟你们这群有黑胶的人亲了  ⇒  [装可爱],24,删,0,Z 其他,标题式开头；过短,网易云《爱我你就抱抱我》,https://music.163.com/#/song?id=,
  ⇒  [打Call],24,删,0,Z 其他,标题式开头；过短,网易云《一路生花》,https://music.163.com/#/song?id=,
想要一个全是svip队伍的宝宝们=⩌⩊⩌=  ⇒  [欣赏音乐],24,删,0,Z 其他,标题式开头；过短,网易云《活着Viva》,https://music.163.com/#/song?id=,
想要一个全是svip队伍的宝宝们=⩌⩊⩌=  ⇒  [EMO听歌],24,删,0,Z 其他,标题式开头；过短,网易云《活着Viva》,https://music.163.com/#/song?id=,
想要一个全发[VIP]的队伍  ⇒  [VIP],24,删,0,Z 其他,标题式开头；过短,网易云《失眠》,https://music.163.com/#/song?id=,
兄弟放心做自己  ⇒  [装可爱],24,删,0,Z 其他,标题式开头；过短,网易云《焦虑》,https://music.163.com/#/song?id=,
九维不是龙胆紫的啊，九维是in3family的，况且这首和九维有啥关系  ⇒  [认可]你全对,24,删,0,Z 其他,标题式开头；过短,网易云《焦虑》,https://music.163.com/#/song?id=,
趁别人还没发现这首经典的时候，先留下个印记  ⇒  [装可爱],24,删,0,Z 其他,标题式开头；过短,网易云《一个人》,https://music.163.com/#/song?id=,
要一个全是发[VIP]的队伍  ⇒  [VIP],24,删,0,Z 其他,标题式开头；过短,网易云《爱欲求》,https://music.163.com/#/song?id=,
感觉有三人游那味了，这才是真正的华语歌曲！  ⇒  [欣赏音乐],24,删,0,Z 其他,标题式开头；过短,网易云《告别》,https://music.163.com/#/song?id=,
有预感有一天会爆火  ⇒  单曲循环很久了,22,删,0,Z 其他,音乐评论，不是陪伴语言；过短,网易云《告别》,https://music.163.com/#/song?id=,
2022了 我刚发现这个宝藏  ⇒  我一直以为这首歌叫《心如刀割》是陈乔恩的电视剧《假期如梦》张学友唱的没想到还有更早的版本,21,删,0,Z 其他,书名号引用；音乐评论，不是陪伴语言,网易云《遗憾》,https://music.163.com/#/song?id=,
没有任何预告 没有任何预热 没有其他的feat来共享流量 甚至故意乱说专辑发行时间 sasi走起来后也没有被现在所谓流媒体的流量被困住 这才是真正耍音乐的人 真正坚持自己想做的 完全沉浸在自己的音乐世界 sasi够硬 这才是一个说唱圈顶端rapper该有的样子 歌帅人帅 天生的说唱歌手兄弟我佩服五体投地[拜]  ⇒  这里不送专辑！,18,删,0,Z 其他,音乐评论，不是陪伴语言；过短,网易云《天生痛苦》,https://music.163.com/#/song?id=,
花了28年听懂了这些歌，代价真的好大。像极了一个人开车在夜路，听着歌，不知不觉哭了！  ⇒  朋友，这是1998年《释放自己》专辑里,15,删,0,D 孤独 / 没人,书名号引用；音乐评论，不是陪伴语言,网易云《想哭》,https://music.163.com/#/song?id=,
印象中没听过，是哪位演唱的？  ⇒  都是孙燕姿，这三首歌都是《未完成》专辑里的歌曲，他们只合作过这三首,15,删,0,Z 其他,书名号引用；音乐评论，不是陪伴语言,网易云《我不难过 (Live)》,https://music.163.com/#/song?id=,
第四次见你 在你的三十岁 我想要一个家 我们两个人的小家 那样每天都可以见到你 我们可以一起逛超市 一起买菜做饭 一起深夜窝在沙发上看电视 一起聊好多好多的天 还可以养只小猫或是小狗 闲暇时就出去散散步 我们要一起去很多我们没去过的地方 我还要种很多的花 嘿 花本来就浪漫 我亲手种的花送你  ⇒  第五次见你 在你的七十岁 我们都老了 好可惜 前四次见面 都忘了问你要一根头发 不然我就可以指着它说：“你看 我们一起 从青丝走到白发了耶” 我想和你坐在一起 慢慢地回忆 回忆年轻的彼此 回忆一起看过的风景 走过的路 有人说 和心爱的人一起变老 是世界上最浪漫的事,14,删,0,Z 其他,引用名人/书里的话,网易云《Sacred Play Secret Place》,https://music.163.com/#/song?id=,
25年被霸凌了休学了好久不知道怎么振作起来的，26年滚回老家读书好累好苦，我一定要读出个名堂给那些人看  ⇒  你很棒很棒很棒,12,删,0,C 疲惫 / 撑不住,模板式夸奖；过短,网易云《斑马，斑马》,https://music.163.com/#/song?id=,
明天 后天 大后天日复一日，睁眼闭眼，什么时候才能度过最难熬的青春  ⇒  曾经难熬的青春，如今确是我最怀念的方糖，我所有从年少就自带的珍宝都在慢慢消散，眼睁睁的看着他们在岁月的流逝中化成沙粒，握得越紧散的越快，每一颗沙粒的离开，都在牵扯我的血肉，已经活到了阴阳两界都有爱我和我爱的人的时候，已经活到了疲倦的心再不会轻易被一张美貌的脸悸动的时候，这世间定位你的锚全都消失后，又该如何以什么样的心情活下去,10,删,1,B 失去 / 离别,文艺腔词汇；偏长,网易云《在痛苦彻底撕裂之前》,https://music.163.com/#/song?id=,
掉价真不至于吧[笑哭了]s级别赛事冠军fmvp掉价在那？不会26年了还有人觉得zmjjkk不算世界一线选手吧......  ⇒  确实不是掉不掉价的问题 是一个走心的歌本来很正常突然shout out to一个打瓦的职业选手 就问你难不难绷 如果歌词变成用顶级的天赋比肩亚瑟摩根 或者一个电影里的角色我都觉得没问题,9,删,1,Z 其他,翻译/转载,网易云《直视痛苦》,https://music.163.com/#/song?id=,
我理解的是:我拥有的都是人生，失去的都是侥幸  ⇒  拥有和失去都是人生里的一个片段、一个经历，所以去挥霍或者珍惜本质上都是经历人生中的某个事件，而歌词跟你表述的相反，只是在失恋的情境下，自我宽慰，看淡过去拥有的，失去也只是人生必定经历的，最后，引出主旨：人生包含着无数个失去与拥有，而你真正应该爱的是自己而不是某段拥有或失去里的事物,9,删,0,Z 其他,翻译/转载,网易云《关于我爱你》,https://music.163.com/#/song?id=,
这首歌与《失恋阵线联盟》有什么区别呢...  ⇒  歌词都不一样,0,删,0,Z 其他,翻译/转载；过短,网易云《失恋》,https://music.163.com/#/song?id=,
说唱都这样 感觉日本的jazzpop要好点  ⇒  《都这样》🤣👈,0,删,0,Z 其他,书名号引用；过短,网易云《焦虑》,https://music.163.com/#/song?id=,安慰语命中
我的个人资料是乱填的[大笑]  ⇒  《 胡 闹 》,0,删,0,Z 其他,书名号引用；过短,网易云《告别》,https://music.163.com/#/song?id=,
